relative_path,label,class_name
bathtub/train/bathtub_0001.off,0,bathtub
bathtub/train/bathtub_0002.off,0,bathtub
bathtub/train/bathtub_0003.off,0,bathtub
bathtub/train/bathtub_0004.off,0,bathtub
bathtub/train/bathtub_0005.off,0,bathtub
bathtub/train/bathtub_0006.off,0,bathtub
bathtub/train/bathtub_0007.off,0,bathtub
bathtub/train/bathtub_0008.off,0,bathtub
bathtub/train/bathtub_0009.off,0,bathtub
bathtub/train/bathtub_0010.off,0,bathtub
bathtub/train/bathtub_0011.off,0,bathtub
bathtub/train/bathtub_0012.off,0,bathtub
bathtub/train/bathtub_0013.off,0,bathtub
bathtub/train/bathtub_0014.off,0,bathtub
bathtub/train/bathtub_0015.off,0,bathtub
bathtub/train/bathtub_0016.off,0,bathtub
bathtub/train/bathtub_0017.off,0,bathtub
bathtub/train/bathtub_0018.off,0,bathtub
bathtub/train/bathtub_0019.off,0,bathtub
bathtub/train/bathtub_0020.off,0,bathtub
bathtub/train/bathtub_0021.off,0,bathtub
bathtub/train/bathtub_0022.off,0,bathtub
bathtub/train/bathtub_0023.off,0,bathtub
bathtub/train/bathtub_0024.off,0,bathtub
bathtub/train/bathtub_0025.off,0,bathtub
bathtub/train/bathtub_0026.off,0,bathtub
bathtub/train/bathtub_0027.off,0,bathtub
bathtub/train/bathtub_0028.off,0,bathtub
bathtub/train/bathtub_0029.off,0,bathtub
bathtub/train/bathtub_0030.off,0,bathtub
bathtub/train/bathtub_0031.off,0,bathtub
bathtub/train/bathtub_0032.off,0,bathtub
bathtub/train/bathtub_0033.off,0,bathtub
bathtub/train/bathtub_0034.off,0,bathtub
bathtub/train/bathtub_0035.off,0,bathtub
bathtub/train/bathtub_0036.off,0,bathtub
bathtub/train/bathtub_0037.off,0,bathtub
bathtub/train/bathtub_0038.off,0,bathtub
bathtub/train/bathtub_0039.off,0,bathtub
bathtub/train/bathtub_0040.off,0,bathtub
bathtub/train/bathtub_0041.off,0,bathtub
bathtub/train/bathtub_0042.off,0,bathtub
bathtub/train/bathtub_0043.off,0,bathtub
bathtub/train/bathtub_0044.off,0,bathtub
bathtub/train/bathtub_0045.off,0,bathtub
bathtub/train/bathtub_0046.off,0,bathtub
bathtub/train/bathtub_0047.off,0,bathtub
bathtub/train/bathtub_0048.off,0,bathtub
bathtub/train/bathtub_0049.off,0,bathtub
bathtub/train/bathtub_0050.off,0,bathtub
bathtub/train/bathtub_0051.off,0,bathtub
bathtub/train/bathtub_0052.off,0,bathtub
bathtub/train/bathtub_0053.off,0,bathtub
bathtub/train/bathtub_0054.off,0,bathtub
bathtub/train/bathtub_0055.off,0,bathtub
bathtub/train/bathtub_0056.off,0,bathtub
bathtub/train/bathtub_0057.off,0,bathtub
bathtub/train/bathtub_0058.off,0,bathtub
bathtub/train/bathtub_0059.off,0,bathtub
bathtub/train/bathtub_0060.off,0,bathtub
bathtub/train/bathtub_0061.off,0,bathtub
bathtub/train/bathtub_0062.off,0,bathtub
bathtub/train/bathtub_0063.off,0,bathtub
bathtub/train/bathtub_0064.off,0,bathtub
bathtub/train/bathtub_0065.off,0,bathtub
bathtub/train/bathtub_0066.off,0,bathtub
bathtub/train/bathtub_0067.off,0,bathtub
bathtub/train/bathtub_0068.off,0,bathtub
bathtub/train/bathtub_0069.off,0,bathtub
bathtub/train/bathtub_0070.off,0,bathtub
bathtub/train/bathtub_0071.off,0,bathtub
bathtub/train/bathtub_0072.off,0,bathtub
bathtub/train/bathtub_0073.off,0,bathtub
bathtub/train/bathtub_0074.off,0,bathtub
bathtub/train/bathtub_0075.off,0,bathtub
bathtub/train/bathtub_0076.off,0,bathtub
bathtub/train/bathtub_0077.off,0,bathtub
bathtub/train/bathtub_0078.off,0,bathtub
bathtub/train/bathtub_0079.off,0,bathtub
bathtub/train/bathtub_0080.off,0,bathtub
bathtub/train/bathtub_0081.off,0,bathtub
bathtub/train/bathtub_0082.off,0,bathtub
bathtub/train/bathtub_0083.off,0,bathtub
bathtub/train/bathtub_0084.off,0,bathtub
bathtub/train/bathtub_0085.off,0,bathtub
bathtub/train/bathtub_0086.off,0,bathtub
bathtub/train/bathtub_0087.off,0,bathtub
bathtub/train/bathtub_0088.off,0,bathtub
bathtub/train/bathtub_0089.off,0,bathtub
bathtub/train/bathtub_0090.off,0,bathtub
bathtub/train/bathtub_0091.off,0,bathtub
bathtub/train/bathtub_0092.off,0,bathtub
bathtub/train/bathtub_0093.off,0,bathtub
bathtub/train/bathtub_0094.off,0,bathtub
bathtub/train/bathtub_0095.off,0,bathtub
bathtub/train/bathtub_0096.off,0,bathtub
bathtub/train/bathtub_0097.off,0,bathtub
bathtub/train/bathtub_0098.off,0,bathtub
bathtub/train/bathtub_0099.off,0,bathtub
bathtub/train/bathtub_0100.off,0,bathtub
bathtub/train/bathtub_0101.off,0,bathtub
bathtub/train/bathtub_0102.off,0,bathtub
bathtub/train/bathtub_0103.off,0,bathtub
bathtub/train/bathtub_0104.off,0,bathtub
bathtub/train/bathtub_0105.off,0,bathtub
bathtub/train/bathtub_0106.off,0,bathtub
bed/train/bed_0001.off,1,bed
bed/train/bed_0002.off,1,bed
bed/train/bed_0003.off,1,bed
bed/train/bed_0004.off,1,bed
bed/train/bed_0005.off,1,bed
bed/train/bed_0006.off,1,bed
bed/train/bed_0007.off,1,bed
bed/train/bed_0008.off,1,bed
bed/train/bed_0009.off,1,bed
bed/train/bed_0010.off,1,bed
bed/train/bed_0011.off,1,bed
bed/train/bed_0012.off,1,bed
bed/train/bed_0013.off,1,bed
bed/train/bed_0014.off,1,bed
bed/train/bed_0015.off,1,bed
bed/train/bed_0016.off,1,bed
bed/train/bed_0017.off,1,bed
bed/train/bed_0018.off,1,bed
bed/train/bed_0019.off,1,bed
bed/train/bed_0020.off,1,bed
bed/train/bed_0021.off,1,bed
bed/train/bed_0022.off,1,bed
bed/train/bed_0023.off,1,bed
bed/train/bed_0024.off,1,bed
bed/train/bed_0025.off,1,bed
bed/train/bed_0026.off,1,bed
bed/train/bed_0027.off,1,bed
bed/train/bed_0028.off,1,bed
bed/train/bed_0029.off,1,bed
bed/train/bed_0030.off,1,bed
bed/train/bed_0031.off,1,bed
bed/train/bed_0032.off,1,bed
bed/train/bed_0033.off,1,bed
bed/train/bed_0034.off,1,bed
bed/train/bed_0035.off,1,bed
bed/train/bed_0036.off,1,bed
bed/train/bed_0037.off,1,bed
bed/train/bed_0038.off,1,bed
bed/train/bed_0039.off,1,bed
bed/train/bed_0040.off,1,bed
bed/train/bed_0041.off,1,bed
bed/train/bed_0042.off,1,bed
bed/train/bed_0043.off,1,bed
bed/train/bed_0044.off,1,bed
bed/train/bed_0045.off,1,bed
bed/train/bed_0046.off,1,bed
bed/train/bed_0047.off,1,bed
bed/train/bed_0048.off,1,bed
bed/train/bed_0049.off,1,bed
bed/train/bed_0050.off,1,bed
bed/train/bed_0051.off,1,bed
bed/train/bed_0052.off,1,bed
bed/train/bed_0053.off,1,bed
bed/train/bed_0054.off,1,bed
bed/train/bed_0055.off,1,bed
bed/train/bed_0056.off,1,bed
bed/train/bed_0057.off,1,bed
bed/train/bed_0058.off,1,bed
bed/train/bed_0059.off,1,bed
bed/train/bed_0060.off,1,bed
bed/train/bed_0061.off,1,bed
bed/train/bed_0062.off,1,bed
bed/train/bed_0063.off,1,bed
bed/train/bed_0064.off,1,bed
bed/train/bed_0065.off,1,bed
bed/train/bed_0066.off,1,bed
bed/train/bed_0067.off,1,bed
bed/train/bed_0068.off,1,bed
bed/train/bed_0069.off,1,bed
bed/train/bed_0070.off,1,bed
bed/train/bed_0071.off,1,bed
bed/train/bed_0072.off,1,bed
bed/train/bed_0073.off,1,bed
bed/train/bed_0074.off,1,bed
bed/train/bed_0075.off,1,bed
bed/train/bed_0076.off,1,bed
bed/train/bed_0077.off,1,bed
bed/train/bed_0078.off,1,bed
bed/train/bed_0079.off,1,bed
bed/train/bed_0080.off,1,bed
bed/train/bed_0081.off,1,bed
bed/train/bed_0082.off,1,bed
bed/train/bed_0083.off,1,bed
bed/train/bed_0084.off,1,bed
bed/train/bed_0085.off,1,bed
bed/train/bed_0086.off,1,bed
bed/train/bed_0087.off,1,bed
bed/train/bed_0088.off,1,bed
bed/train/bed_0089.off,1,bed
bed/train/bed_0090.off,1,bed
bed/train/bed_0091.off,1,bed
bed/train/bed_0092.off,1,bed
bed/train/bed_0093.off,1,bed
bed/train/bed_0094.off,1,bed
bed/train/bed_0095.off,1,bed
bed/train/bed_0096.off,1,bed
bed/train/bed_0097.off,1,bed
bed/train/bed_0098.off,1,bed
bed/train/bed_0099.off,1,bed
bed/train/bed_0100.off,1,bed
bed/train/bed_0101.off,1,bed
bed/train/bed_0102.off,1,bed
bed/train/bed_0103.off,1,bed
bed/train/bed_0104.off,1,bed
bed/train/bed_0105.off,1,bed
bed/train/bed_0106.off,1,bed
bed/train/bed_0107.off,1,bed
bed/train/bed_0108.off,1,bed
bed/train/bed_0109.off,1,bed
bed/train/bed_0110.off,1,bed
bed/train/bed_0111.off,1,bed
bed/train/bed_0112.off,1,bed
bed/train/bed_0113.off,1,bed
bed/train/bed_0114.off,1,bed
bed/train/bed_0115.off,1,bed
bed/train/bed_0116.off,1,bed
bed/train/bed_0117.off,1,bed
bed/train/bed_0118.off,1,bed
bed/train/bed_0119.off,1,bed
bed/train/bed_0120.off,1,bed
bed/train/bed_0121.off,1,bed
bed/train/bed_0122.off,1,bed
bed/train/bed_0123.off,1,bed
bed/train/bed_0124.off,1,bed
bed/train/bed_0125.off,1,bed
bed/train/bed_0126.off,1,bed
bed/train/bed_0127.off,1,bed
bed/train/bed_0128.off,1,bed
bed/train/bed_0129.off,1,bed
bed/train/bed_0130.off,1,bed
bed/train/bed_0131.off,1,bed
bed/train/bed_0132.off,1,bed
bed/train/bed_0133.off,1,bed
bed/train/bed_0134.off,1,bed
bed/train/bed_0135.off,1,bed
bed/train/bed_0136.off,1,bed
bed/train/bed_0137.off,1,bed
bed/train/bed_0138.off,1,bed
bed/train/bed_0139.off,1,bed
bed/train/bed_0140.off,1,bed
bed/train/bed_0141.off,1,bed
bed/train/bed_0142.off,1,bed
bed/train/bed_0143.off,1,bed
bed/train/bed_0144.off,1,bed
bed/train/bed_0145.off,1,bed
bed/train/bed_0146.off,1,bed
bed/train/bed_0147.off,1,bed
bed/train/bed_0148.off,1,bed
bed/train/bed_0149.off,1,bed
bed/train/bed_0150.off,1,bed
bed/train/bed_0151.off,1,bed
bed/train/bed_0152.off,1,bed
bed/train/bed_0153.off,1,bed
bed/train/bed_0154.off,1,bed
bed/train/bed_0155.off,1,bed
bed/train/bed_0156.off,1,bed
bed/train/bed_0157.off,1,bed
bed/train/bed_0158.off,1,bed
bed/train/bed_0159.off,1,bed
bed/train/bed_0160.off,1,bed
bed/train/bed_0161.off,1,bed
bed/train/bed_0162.off,1,bed
bed/train/bed_0163.off,1,bed
bed/train/bed_0164.off,1,bed
bed/train/bed_0165.off,1,bed
bed/train/bed_0166.off,1,bed
bed/train/bed_0167.off,1,bed
bed/train/bed_0168.off,1,bed
bed/train/bed_0169.off,1,bed
bed/train/bed_0170.off,1,bed
bed/train/bed_0171.off,1,bed
bed/train/bed_0172.off,1,bed
bed/train/bed_0173.off,1,bed
bed/train/bed_0174.off,1,bed
bed/train/bed_0175.off,1,bed
bed/train/bed_0176.off,1,bed
bed/train/bed_0177.off,1,bed
bed/train/bed_0178.off,1,bed
bed/train/bed_0179.off,1,bed
bed/train/bed_0180.off,1,bed
bed/train/bed_0181.off,1,bed
bed/train/bed_0182.off,1,bed
bed/train/bed_0183.off,1,bed
bed/train/bed_0184.off,1,bed
bed/train/bed_0185.off,1,bed
bed/train/bed_0186.off,1,bed
bed/train/bed_0187.off,1,bed
bed/train/bed_0188.off,1,bed
bed/train/bed_0189.off,1,bed
bed/train/bed_0190.off,1,bed
bed/train/bed_0191.off,1,bed
bed/train/bed_0192.off,1,bed
bed/train/bed_0193.off,1,bed
bed/train/bed_0194.off,1,bed
bed/train/bed_0195.off,1,bed
bed/train/bed_0196.off,1,bed
bed/train/bed_0197.off,1,bed
bed/train/bed_0198.off,1,bed
bed/train/bed_0199.off,1,bed
bed/train/bed_0200.off,1,bed
bed/train/bed_0201.off,1,bed
bed/train/bed_0202.off,1,bed
bed/train/bed_0203.off,1,bed
bed/train/bed_0204.off,1,bed
bed/train/bed_0205.off,1,bed
bed/train/bed_0206.off,1,bed
bed/train/bed_0207.off,1,bed
bed/train/bed_0208.off,1,bed
bed/train/bed_0209.off,1,bed
bed/train/bed_0210.off,1,bed
bed/train/bed_0211.off,1,bed
bed/train/bed_0212.off,1,bed
bed/train/bed_0213.off,1,bed
bed/train/bed_0214.off,1,bed
bed/train/bed_0215.off,1,bed
bed/train/bed_0216.off,1,bed
bed/train/bed_0217.off,1,bed
bed/train/bed_0218.off,1,bed
bed/train/bed_0219.off,1,bed
bed/train/bed_0220.off,1,bed
bed/train/bed_0221.off,1,bed
bed/train/bed_0222.off,1,bed
bed/train/bed_0223.off,1,bed
bed/train/bed_0224.off,1,bed
bed/train/bed_0225.off,1,bed
bed/train/bed_0226.off,1,bed
bed/train/bed_0227.off,1,bed
bed/train/bed_0228.off,1,bed
bed/train/bed_0229.off,1,bed
bed/train/bed_0230.off,1,bed
bed/train/bed_0231.off,1,bed
bed/train/bed_0232.off,1,bed
bed/train/bed_0233.off,1,bed
bed/train/bed_0234.off,1,bed
bed/train/bed_0235.off,1,bed
bed/train/bed_0236.off,1,bed
bed/train/bed_0237.off,1,bed
bed/train/bed_0238.off,1,bed
bed/train/bed_0239.off,1,bed
bed/train/bed_0240.off,1,bed
bed/train/bed_0241.off,1,bed
bed/train/bed_0242.off,1,bed
bed/train/bed_0243.off,1,bed
bed/train/bed_0244.off,1,bed
bed/train/bed_0245.off,1,bed
bed/train/bed_0246.off,1,bed
bed/train/bed_0247.off,1,bed
bed/train/bed_0248.off,1,bed
bed/train/bed_0249.off,1,bed
bed/train/bed_0250.off,1,bed
bed/train/bed_0251.off,1,bed
bed/train/bed_0252.off,1,bed
bed/train/bed_0253.off,1,bed
bed/train/bed_0254.off,1,bed
bed/train/bed_0255.off,1,bed
bed/train/bed_0256.off,1,bed
bed/train/bed_0257.off,1,bed
bed/train/bed_0258.off,1,bed
bed/train/bed_0259.off,1,bed
bed/train/bed_0260.off,1,bed
bed/train/bed_0261.off,1,bed
bed/train/bed_0262.off,1,bed
bed/train/bed_0263.off,1,bed
bed/train/bed_0264.off,1,bed
bed/train/bed_0265.off,1,bed
bed/train/bed_0266.off,1,bed
bed/train/bed_0267.off,1,bed
bed/train/bed_0268.off,1,bed
bed/train/bed_0269.off,1,bed
bed/train/bed_0270.off,1,bed
bed/train/bed_0271.off,1,bed
bed/train/bed_0272.off,1,bed
bed/train/bed_0273.off,1,bed
bed/train/bed_0274.off,1,bed
bed/train/bed_0275.off,1,bed
bed/train/bed_0276.off,1,bed
bed/train/bed_0277.off,1,bed
bed/train/bed_0278.off,1,bed
bed/train/bed_0279.off,1,bed
bed/train/bed_0280.off,1,bed
bed/train/bed_0281.off,1,bed
bed/train/bed_0282.off,1,bed
bed/train/bed_0283.off,1,bed
bed/train/bed_0284.off,1,bed
bed/train/bed_0285.off,1,bed
bed/train/bed_0286.off,1,bed
bed/train/bed_0287.off,1,bed
bed/train/bed_0288.off,1,bed
bed/train/bed_0289.off,1,bed
bed/train/bed_0290.off,1,bed
bed/train/bed_0291.off,1,bed
bed/train/bed_0292.off,1,bed
bed/train/bed_0293.off,1,bed
bed/train/bed_0294.off,1,bed
bed/train/bed_0295.off,1,bed
bed/train/bed_0296.off,1,bed
bed/train/bed_0297.off,1,bed
bed/train/bed_0298.off,1,bed
bed/train/bed_0299.off,1,bed
bed/train/bed_0300.off,1,bed
bed/train/bed_0301.off,1,bed
bed/train/bed_0302.off,1,bed
bed/train/bed_0303.off,1,bed
bed/train/bed_0304.off,1,bed
bed/train/bed_0305.off,1,bed
bed/train/bed_0306.off,1,bed
bed/train/bed_0307.off,1,bed
bed/train/bed_0308.off,1,bed
bed/train/bed_0309.off,1,bed
bed/train/bed_0310.off,1,bed
bed/train/bed_0311.off,1,bed
bed/train/bed_0312.off,1,bed
bed/train/bed_0313.off,1,bed
bed/train/bed_0314.off,1,bed
bed/train/bed_0315.off,1,bed
bed/train/bed_0316.off,1,bed
bed/train/bed_0317.off,1,bed
bed/train/bed_0318.off,1,bed
bed/train/bed_0319.off,1,bed
bed/train/bed_0320.off,1,bed
bed/train/bed_0321.off,1,bed
bed/train/bed_0322.off,1,bed
bed/train/bed_0323.off,1,bed
bed/train/bed_0324.off,1,bed
bed/train/bed_0325.off,1,bed
bed/train/bed_0326.off,1,bed
bed/train/bed_0327.off,1,bed
bed/train/bed_0328.off,1,bed
bed/train/bed_0329.off,1,bed
bed/train/bed_0330.off,1,bed
bed/train/bed_0331.off,1,bed
bed/train/bed_0332.off,1,bed
bed/train/bed_0333.off,1,bed
bed/train/bed_0334.off,1,bed
bed/train/bed_0335.off,1,bed
bed/train/bed_0336.off,1,bed
bed/train/bed_0337.off,1,bed
bed/train/bed_0338.off,1,bed
bed/train/bed_0339.off,1,bed
bed/train/bed_0340.off,1,bed
bed/train/bed_0341.off,1,bed
bed/train/bed_0342.off,1,bed
bed/train/bed_0343.off,1,bed
bed/train/bed_0344.off,1,bed
bed/train/bed_0345.off,1,bed
bed/train/bed_0346.off,1,bed
bed/train/bed_0347.off,1,bed
bed/train/bed_0348.off,1,bed
bed/train/bed_0349.off,1,bed
bed/train/bed_0350.off,1,bed
bed/train/bed_0351.off,1,bed
bed/train/bed_0352.off,1,bed
bed/train/bed_0353.off,1,bed
bed/train/bed_0354.off,1,bed
bed/train/bed_0355.off,1,bed
bed/train/bed_0356.off,1,bed
bed/train/bed_0357.off,1,bed
bed/train/bed_0358.off,1,bed
bed/train/bed_0359.off,1,bed
bed/train/bed_0360.off,1,bed
bed/train/bed_0361.off,1,bed
bed/train/bed_0362.off,1,bed
bed/train/bed_0363.off,1,bed
bed/train/bed_0364.off,1,bed
bed/train/bed_0365.off,1,bed
bed/train/bed_0366.off,1,bed
bed/train/bed_0367.off,1,bed
bed/train/bed_0368.off,1,bed
bed/train/bed_0369.off,1,bed
bed/train/bed_0370.off,1,bed
bed/train/bed_0371.off,1,bed
bed/train/bed_0372.off,1,bed
bed/train/bed_0373.off,1,bed
bed/train/bed_0374.off,1,bed
bed/train/bed_0375.off,1,bed
bed/train/bed_0376.off,1,bed
bed/train/bed_0377.off,1,bed
bed/train/bed_0378.off,1,bed
bed/train/bed_0379.off,1,bed
bed/train/bed_0380.off,1,bed
bed/train/bed_0381.off,1,bed
bed/train/bed_0382.off,1,bed
bed/train/bed_0383.off,1,bed
bed/train/bed_0384.off,1,bed
bed/train/bed_0385.off,1,bed
bed/train/bed_0386.off,1,bed
bed/train/bed_0387.off,1,bed
bed/train/bed_0388.off,1,bed
bed/train/bed_0389.off,1,bed
bed/train/bed_0390.off,1,bed
bed/train/bed_0391.off,1,bed
bed/train/bed_0392.off,1,bed
bed/train/bed_0393.off,1,bed
bed/train/bed_0394.off,1,bed
bed/train/bed_0395.off,1,bed
bed/train/bed_0396.off,1,bed
bed/train/bed_0397.off,1,bed
bed/train/bed_0398.off,1,bed
bed/train/bed_0399.off,1,bed
bed/train/bed_0400.off,1,bed
bed/train/bed_0401.off,1,bed
bed/train/bed_0402.off,1,bed
bed/train/bed_0403.off,1,bed
bed/train/bed_0404.off,1,bed
bed/train/bed_0405.off,1,bed
bed/train/bed_0406.off,1,bed
bed/train/bed_0407.off,1,bed
bed/train/bed_0408.off,1,bed
bed/train/bed_0409.off,1,bed
bed/train/bed_0410.off,1,bed
bed/train/bed_0411.off,1,bed
bed/train/bed_0412.off,1,bed
bed/train/bed_0413.off,1,bed
bed/train/bed_0414.off,1,bed
bed/train/bed_0415.off,1,bed
bed/train/bed_0416.off,1,bed
bed/train/bed_0417.off,1,bed
bed/train/bed_0418.off,1,bed
bed/train/bed_0419.off,1,bed
bed/train/bed_0420.off,1,bed
bed/train/bed_0421.off,1,bed
bed/train/bed_0422.off,1,bed
bed/train/bed_0423.off,1,bed
bed/train/bed_0424.off,1,bed
bed/train/bed_0425.off,1,bed
bed/train/bed_0426.off,1,bed
bed/train/bed_0427.off,1,bed
bed/train/bed_0428.off,1,bed
bed/train/bed_0429.off,1,bed
bed/train/bed_0430.off,1,bed
bed/train/bed_0431.off,1,bed
bed/train/bed_0432.off,1,bed
bed/train/bed_0433.off,1,bed
bed/train/bed_0434.off,1,bed
bed/train/bed_0435.off,1,bed
bed/train/bed_0436.off,1,bed
bed/train/bed_0437.off,1,bed
bed/train/bed_0438.off,1,bed
bed/train/bed_0439.off,1,bed
bed/train/bed_0440.off,1,bed
bed/train/bed_0441.off,1,bed
bed/train/bed_0442.off,1,bed
bed/train/bed_0443.off,1,bed
bed/train/bed_0444.off,1,bed
bed/train/bed_0445.off,1,bed
bed/train/bed_0446.off,1,bed
bed/train/bed_0447.off,1,bed
bed/train/bed_0448.off,1,bed
bed/train/bed_0449.off,1,bed
bed/train/bed_0450.off,1,bed
bed/train/bed_0451.off,1,bed
bed/train/bed_0452.off,1,bed
bed/train/bed_0453.off,1,bed
bed/train/bed_0454.off,1,bed
bed/train/bed_0455.off,1,bed
bed/train/bed_0456.off,1,bed
bed/train/bed_0457.off,1,bed
bed/train/bed_0458.off,1,bed
bed/train/bed_0459.off,1,bed
bed/train/bed_0460.off,1,bed
bed/train/bed_0461.off,1,bed
bed/train/bed_0462.off,1,bed
bed/train/bed_0463.off,1,bed
bed/train/bed_0464.off,1,bed
bed/train/bed_0465.off,1,bed
bed/train/bed_0466.off,1,bed
bed/train/bed_0467.off,1,bed
bed/train/bed_0468.off,1,bed
bed/train/bed_0469.off,1,bed
bed/train/bed_0470.off,1,bed
bed/train/bed_0471.off,1,bed
bed/train/bed_0472.off,1,bed
bed/train/bed_0473.off,1,bed
bed/train/bed_0474.off,1,bed
bed/train/bed_0475.off,1,bed
bed/train/bed_0476.off,1,bed
bed/train/bed_0477.off,1,bed
bed/train/bed_0478.off,1,bed
bed/train/bed_0479.off,1,bed
bed/train/bed_0480.off,1,bed
bed/train/bed_0481.off,1,bed
bed/train/bed_0482.off,1,bed
bed/train/bed_0483.off,1,bed
bed/train/bed_0484.off,1,bed
bed/train/bed_0485.off,1,bed
bed/train/bed_0486.off,1,bed
bed/train/bed_0487.off,1,bed
bed/train/bed_0488.off,1,bed
bed/train/bed_0489.off,1,bed
bed/train/bed_0490.off,1,bed
bed/train/bed_0491.off,1,bed
bed/train/bed_0492.off,1,bed
bed/train/bed_0493.off,1,bed
bed/train/bed_0494.off,1,bed
bed/train/bed_0495.off,1,bed
bed/train/bed_0496.off,1,bed
bed/train/bed_0497.off,1,bed
bed/train/bed_0498.off,1,bed
bed/train/bed_0499.off,1,bed
bed/train/bed_0500.off,1,bed
bed/train/bed_0501.off,1,bed
bed/train/bed_0502.off,1,bed
bed/train/bed_0503.off,1,bed
bed/train/bed_0504.off,1,bed
bed/train/bed_0505.off,1,bed
bed/train/bed_0506.off,1,bed
bed/train/bed_0507.off,1,bed
bed/train/bed_0508.off,1,bed
bed/train/bed_0509.off,1,bed
bed/train/bed_0510.off,1,bed
bed/train/bed_0511.off,1,bed
bed/train/bed_0512.off,1,bed
bed/train/bed_0513.off,1,bed
bed/train/bed_0514.off,1,bed
bed/train/bed_0515.off,1,bed
chair/train/chair_0001.off,2,chair
chair/train/chair_0002.off,2,chair
chair/train/chair_0003.off,2,chair
chair/train/chair_0004.off,2,chair
chair/train/chair_0005.off,2,chair
chair/train/chair_0006.off,2,chair
chair/train/chair_0007.off,2,chair
chair/train/chair_0008.off,2,chair
chair/train/chair_0009.off,2,chair
chair/train/chair_0010.off,2,chair
chair/train/chair_0011.off,2,chair
chair/train/chair_0012.off,2,chair
chair/train/chair_0013.off,2,chair
chair/train/chair_0014.off,2,chair
chair/train/chair_0015.off,2,chair
chair/train/chair_0016.off,2,chair
chair/train/chair_0017.off,2,chair
chair/train/chair_0018.off,2,chair
chair/train/chair_0019.off,2,chair
chair/train/chair_0020.off,2,chair
chair/train/chair_0021.off,2,chair
chair/train/chair_0022.off,2,chair
chair/train/chair_0023.off,2,chair
chair/train/chair_0024.off,2,chair
chair/train/chair_0025.off,2,chair
chair/train/chair_0026.off,2,chair
chair/train/chair_0027.off,2,chair
chair/train/chair_0028.off,2,chair
chair/train/chair_0029.off,2,chair
chair/train/chair_0030.off,2,chair
chair/train/chair_0031.off,2,chair
chair/train/chair_0032.off,2,chair
chair/train/chair_0033.off,2,chair
chair/train/chair_0034.off,2,chair
chair/train/chair_0035.off,2,chair
chair/train/chair_0036.off,2,chair
chair/train/chair_0037.off,2,chair
chair/train/chair_0038.off,2,chair
chair/train/chair_0039.off,2,chair
chair/train/chair_0040.off,2,chair
chair/train/chair_0041.off,2,chair
chair/train/chair_0042.off,2,chair
chair/train/chair_0043.off,2,chair
chair/train/chair_0044.off,2,chair
chair/train/chair_0045.off,2,chair
chair/train/chair_0046.off,2,chair
chair/train/chair_0047.off,2,chair
chair/train/chair_0048.off,2,chair
chair/train/chair_0049.off,2,chair
chair/train/chair_0050.off,2,chair
chair/train/chair_0051.off,2,chair
chair/train/chair_0052.off,2,chair
chair/train/chair_0053.off,2,chair
chair/train/chair_0054.off,2,chair
chair/train/chair_0055.off,2,chair
chair/train/chair_0056.off,2,chair
chair/train/chair_0057.off,2,chair
chair/train/chair_0058.off,2,chair
chair/train/chair_0059.off,2,chair
chair/train/chair_0060.off,2,chair
chair/train/chair_0061.off,2,chair
chair/train/chair_0062.off,2,chair
chair/train/chair_0063.off,2,chair
chair/train/chair_0064.off,2,chair
chair/train/chair_0065.off,2,chair
chair/train/chair_0066.off,2,chair
chair/train/chair_0067.off,2,chair
chair/train/chair_0068.off,2,chair
chair/train/chair_0069.off,2,chair
chair/train/chair_0070.off,2,chair
chair/train/chair_0071.off,2,chair
chair/train/chair_0072.off,2,chair
chair/train/chair_0073.off,2,chair
chair/train/chair_0074.off,2,chair
chair/train/chair_0075.off,2,chair
chair/train/chair_0076.off,2,chair
chair/train/chair_0077.off,2,chair
chair/train/chair_0078.off,2,chair
chair/train/chair_0079.off,2,chair
chair/train/chair_0080.off,2,chair
chair/train/chair_0081.off,2,chair
chair/train/chair_0082.off,2,chair
chair/train/chair_0083.off,2,chair
chair/train/chair_0084.off,2,chair
chair/train/chair_0085.off,2,chair
chair/train/chair_0086.off,2,chair
chair/train/chair_0087.off,2,chair
chair/train/chair_0088.off,2,chair
chair/train/chair_0089.off,2,chair
chair/train/chair_0090.off,2,chair
chair/train/chair_0091.off,2,chair
chair/train/chair_0092.off,2,chair
chair/train/chair_0093.off,2,chair
chair/train/chair_0094.off,2,chair
chair/train/chair_0095.off,2,chair
chair/train/chair_0096.off,2,chair
chair/train/chair_0097.off,2,chair
chair/train/chair_0098.off,2,chair
chair/train/chair_0099.off,2,chair
chair/train/chair_0100.off,2,chair
chair/train/chair_0101.off,2,chair
chair/train/chair_0102.off,2,chair
chair/train/chair_0103.off,2,chair
chair/train/chair_0104.off,2,chair
chair/train/chair_0105.off,2,chair
chair/train/chair_0106.off,2,chair
chair/train/chair_0107.off,2,chair
chair/train/chair_0108.off,2,chair
chair/train/chair_0109.off,2,chair
chair/train/chair_0110.off,2,chair
chair/train/chair_0111.off,2,chair
chair/train/chair_0112.off,2,chair
chair/train/chair_0113.off,2,chair
chair/train/chair_0114.off,2,chair
chair/train/chair_0115.off,2,chair
chair/train/chair_0116.off,2,chair
chair/train/chair_0117.off,2,chair
chair/train/chair_0118.off,2,chair
chair/train/chair_0119.off,2,chair
chair/train/chair_0120.off,2,chair
chair/train/chair_0121.off,2,chair
chair/train/chair_0122.off,2,chair
chair/train/chair_0123.off,2,chair
chair/train/chair_0124.off,2,chair
chair/train/chair_0125.off,2,chair
chair/train/chair_0126.off,2,chair
chair/train/chair_0127.off,2,chair
chair/train/chair_0128.off,2,chair
chair/train/chair_0129.off,2,chair
chair/train/chair_0130.off,2,chair
chair/train/chair_0131.off,2,chair
chair/train/chair_0132.off,2,chair
chair/train/chair_0133.off,2,chair
chair/train/chair_0134.off,2,chair
chair/train/chair_0135.off,2,chair
chair/train/chair_0136.off,2,chair
chair/train/chair_0137.off,2,chair
chair/train/chair_0138.off,2,chair
chair/train/chair_0139.off,2,chair
chair/train/chair_0140.off,2,chair
chair/train/chair_0141.off,2,chair
chair/train/chair_0142.off,2,chair
chair/train/chair_0143.off,2,chair
chair/train/chair_0144.off,2,chair
chair/train/chair_0145.off,2,chair
chair/train/chair_0146.off,2,chair
chair/train/chair_0147.off,2,chair
chair/train/chair_0148.off,2,chair
chair/train/chair_0149.off,2,chair
chair/train/chair_0150.off,2,chair
chair/train/chair_0151.off,2,chair
chair/train/chair_0152.off,2,chair
chair/train/chair_0153.off,2,chair
chair/train/chair_0154.off,2,chair
chair/train/chair_0155.off,2,chair
chair/train/chair_0156.off,2,chair
chair/train/chair_0157.off,2,chair
chair/train/chair_0158.off,2,chair
chair/train/chair_0159.off,2,chair
chair/train/chair_0160.off,2,chair
chair/train/chair_0161.off,2,chair
chair/train/chair_0162.off,2,chair
chair/train/chair_0163.off,2,chair
chair/train/chair_0164.off,2,chair
chair/train/chair_0165.off,2,chair
chair/train/chair_0166.off,2,chair
chair/train/chair_0167.off,2,chair
chair/train/chair_0168.off,2,chair
chair/train/chair_0169.off,2,chair
chair/train/chair_0170.off,2,chair
chair/train/chair_0171.off,2,chair
chair/train/chair_0172.off,2,chair
chair/train/chair_0173.off,2,chair
chair/train/chair_0174.off,2,chair
chair/train/chair_0175.off,2,chair
chair/train/chair_0176.off,2,chair
chair/train/chair_0177.off,2,chair
chair/train/chair_0178.off,2,chair
chair/train/chair_0179.off,2,chair
chair/train/chair_0180.off,2,chair
chair/train/chair_0181.off,2,chair
chair/train/chair_0182.off,2,chair
chair/train/chair_0183.off,2,chair
chair/train/chair_0184.off,2,chair
chair/train/chair_0185.off,2,chair
chair/train/chair_0186.off,2,chair
chair/train/chair_0187.off,2,chair
chair/train/chair_0188.off,2,chair
chair/train/chair_0189.off,2,chair
chair/train/chair_0190.off,2,chair
chair/train/chair_0191.off,2,chair
chair/train/chair_0192.off,2,chair
chair/train/chair_0193.off,2,chair
chair/train/chair_0194.off,2,chair
chair/train/chair_0195.off,2,chair
chair/train/chair_0196.off,2,chair
chair/train/chair_0197.off,2,chair
chair/train/chair_0198.off,2,chair
chair/train/chair_0199.off,2,chair
chair/train/chair_0200.off,2,chair
chair/train/chair_0201.off,2,chair
chair/train/chair_0202.off,2,chair
chair/train/chair_0203.off,2,chair
chair/train/chair_0204.off,2,chair
chair/train/chair_0205.off,2,chair
chair/train/chair_0206.off,2,chair
chair/train/chair_0207.off,2,chair
chair/train/chair_0208.off,2,chair
chair/train/chair_0209.off,2,chair
chair/train/chair_0210.off,2,chair
chair/train/chair_0211.off,2,chair
chair/train/chair_0212.off,2,chair
chair/train/chair_0213.off,2,chair
chair/train/chair_0214.off,2,chair
chair/train/chair_0215.off,2,chair
chair/train/chair_0216.off,2,chair
chair/train/chair_0217.off,2,chair
chair/train/chair_0218.off,2,chair
chair/train/chair_0219.off,2,chair
chair/train/chair_0220.off,2,chair
chair/train/chair_0221.off,2,chair
chair/train/chair_0222.off,2,chair
chair/train/chair_0223.off,2,chair
chair/train/chair_0224.off,2,chair
chair/train/chair_0225.off,2,chair
chair/train/chair_0226.off,2,chair
chair/train/chair_0227.off,2,chair
chair/train/chair_0228.off,2,chair
chair/train/chair_0229.off,2,chair
chair/train/chair_0230.off,2,chair
chair/train/chair_0231.off,2,chair
chair/train/chair_0232.off,2,chair
chair/train/chair_0233.off,2,chair
chair/train/chair_0234.off,2,chair
chair/train/chair_0235.off,2,chair
chair/train/chair_0236.off,2,chair
chair/train/chair_0237.off,2,chair
chair/train/chair_0238.off,2,chair
chair/train/chair_0239.off,2,chair
chair/train/chair_0240.off,2,chair
chair/train/chair_0241.off,2,chair
chair/train/chair_0242.off,2,chair
chair/train/chair_0243.off,2,chair
chair/train/chair_0244.off,2,chair
chair/train/chair_0245.off,2,chair
chair/train/chair_0246.off,2,chair
chair/train/chair_0247.off,2,chair
chair/train/chair_0248.off,2,chair
chair/train/chair_0249.off,2,chair
chair/train/chair_0250.off,2,chair
chair/train/chair_0251.off,2,chair
chair/train/chair_0252.off,2,chair
chair/train/chair_0253.off,2,chair
chair/train/chair_0254.off,2,chair
chair/train/chair_0255.off,2,chair
chair/train/chair_0256.off,2,chair
chair/train/chair_0257.off,2,chair
chair/train/chair_0258.off,2,chair
chair/train/chair_0259.off,2,chair
chair/train/chair_0260.off,2,chair
chair/train/chair_0261.off,2,chair
chair/train/chair_0262.off,2,chair
chair/train/chair_0263.off,2,chair
chair/train/chair_0264.off,2,chair
chair/train/chair_0265.off,2,chair
chair/train/chair_0266.off,2,chair
chair/train/chair_0267.off,2,chair
chair/train/chair_0268.off,2,chair
chair/train/chair_0269.off,2,chair
chair/train/chair_0270.off,2,chair
chair/train/chair_0271.off,2,chair
chair/train/chair_0272.off,2,chair
chair/train/chair_0273.off,2,chair
chair/train/chair_0274.off,2,chair
chair/train/chair_0275.off,2,chair
chair/train/chair_0276.off,2,chair
chair/train/chair_0277.off,2,chair
chair/train/chair_0278.off,2,chair
chair/train/chair_0279.off,2,chair
chair/train/chair_0280.off,2,chair
chair/train/chair_0281.off,2,chair
chair/train/chair_0282.off,2,chair
chair/train/chair_0283.off,2,chair
chair/train/chair_0284.off,2,chair
chair/train/chair_0285.off,2,chair
chair/train/chair_0286.off,2,chair
chair/train/chair_0287.off,2,chair
chair/train/chair_0288.off,2,chair
chair/train/chair_0289.off,2,chair
chair/train/chair_0290.off,2,chair
chair/train/chair_0291.off,2,chair
chair/train/chair_0292.off,2,chair
chair/train/chair_0293.off,2,chair
chair/train/chair_0294.off,2,chair
chair/train/chair_0295.off,2,chair
chair/train/chair_0296.off,2,chair
chair/train/chair_0297.off,2,chair
chair/train/chair_0298.off,2,chair
chair/train/chair_0299.off,2,chair
chair/train/chair_0300.off,2,chair
chair/train/chair_0301.off,2,chair
chair/train/chair_0302.off,2,chair
chair/train/chair_0303.off,2,chair
chair/train/chair_0304.off,2,chair
chair/train/chair_0305.off,2,chair
chair/train/chair_0306.off,2,chair
chair/train/chair_0307.off,2,chair
chair/train/chair_0308.off,2,chair
chair/train/chair_0309.off,2,chair
chair/train/chair_0310.off,2,chair
chair/train/chair_0311.off,2,chair
chair/train/chair_0312.off,2,chair
chair/train/chair_0313.off,2,chair
chair/train/chair_0314.off,2,chair
chair/train/chair_0315.off,2,chair
chair/train/chair_0316.off,2,chair
chair/train/chair_0317.off,2,chair
chair/train/chair_0318.off,2,chair
chair/train/chair_0319.off,2,chair
chair/train/chair_0320.off,2,chair
chair/train/chair_0321.off,2,chair
chair/train/chair_0322.off,2,chair
chair/train/chair_0323.off,2,chair
chair/train/chair_0324.off,2,chair
chair/train/chair_0325.off,2,chair
chair/train/chair_0326.off,2,chair
chair/train/chair_0327.off,2,chair
chair/train/chair_0328.off,2,chair
chair/train/chair_0329.off,2,chair
chair/train/chair_0330.off,2,chair
chair/train/chair_0331.off,2,chair
chair/train/chair_0332.off,2,chair
chair/train/chair_0333.off,2,chair
chair/train/chair_0334.off,2,chair
chair/train/chair_0335.off,2,chair
chair/train/chair_0336.off,2,chair
chair/train/chair_0337.off,2,chair
chair/train/chair_0338.off,2,chair
chair/train/chair_0339.off,2,chair
chair/train/chair_0340.off,2,chair
chair/train/chair_0341.off,2,chair
chair/train/chair_0342.off,2,chair
chair/train/chair_0343.off,2,chair
chair/train/chair_0344.off,2,chair
chair/train/chair_0345.off,2,chair
chair/train/chair_0346.off,2,chair
chair/train/chair_0347.off,2,chair
chair/train/chair_0348.off,2,chair
chair/train/chair_0349.off,2,chair
chair/train/chair_0350.off,2,chair
chair/train/chair_0351.off,2,chair
chair/train/chair_0352.off,2,chair
chair/train/chair_0353.off,2,chair
chair/train/chair_0354.off,2,chair
chair/train/chair_0355.off,2,chair
chair/train/chair_0356.off,2,chair
chair/train/chair_0357.off,2,chair
chair/train/chair_0358.off,2,chair
chair/train/chair_0359.off,2,chair
chair/train/chair_0360.off,2,chair
chair/train/chair_0361.off,2,chair
chair/train/chair_0362.off,2,chair
chair/train/chair_0363.off,2,chair
chair/train/chair_0364.off,2,chair
chair/train/chair_0365.off,2,chair
chair/train/chair_0366.off,2,chair
chair/train/chair_0367.off,2,chair
chair/train/chair_0368.off,2,chair
chair/train/chair_0369.off,2,chair
chair/train/chair_0370.off,2,chair
chair/train/chair_0371.off,2,chair
chair/train/chair_0372.off,2,chair
chair/train/chair_0373.off,2,chair
chair/train/chair_0374.off,2,chair
chair/train/chair_0375.off,2,chair
chair/train/chair_0376.off,2,chair
chair/train/chair_0377.off,2,chair
chair/train/chair_0378.off,2,chair
chair/train/chair_0379.off,2,chair
chair/train/chair_0380.off,2,chair
chair/train/chair_0381.off,2,chair
chair/train/chair_0382.off,2,chair
chair/train/chair_0383.off,2,chair
chair/train/chair_0384.off,2,chair
chair/train/chair_0385.off,2,chair
chair/train/chair_0386.off,2,chair
chair/train/chair_0387.off,2,chair
chair/train/chair_0388.off,2,chair
chair/train/chair_0389.off,2,chair
chair/train/chair_0390.off,2,chair
chair/train/chair_0391.off,2,chair
chair/train/chair_0392.off,2,chair
chair/train/chair_0393.off,2,chair
chair/train/chair_0394.off,2,chair
chair/train/chair_0395.off,2,chair
chair/train/chair_0396.off,2,chair
chair/train/chair_0397.off,2,chair
chair/train/chair_0398.off,2,chair
chair/train/chair_0399.off,2,chair
chair/train/chair_0400.off,2,chair
chair/train/chair_0401.off,2,chair
chair/train/chair_0402.off,2,chair
chair/train/chair_0403.off,2,chair
chair/train/chair_0404.off,2,chair
chair/train/chair_0405.off,2,chair
chair/train/chair_0406.off,2,chair
chair/train/chair_0407.off,2,chair
chair/train/chair_0408.off,2,chair
chair/train/chair_0409.off,2,chair
chair/train/chair_0410.off,2,chair
chair/train/chair_0411.off,2,chair
chair/train/chair_0412.off,2,chair
chair/train/chair_0413.off,2,chair
chair/train/chair_0414.off,2,chair
chair/train/chair_0415.off,2,chair
chair/train/chair_0416.off,2,chair
chair/train/chair_0417.off,2,chair
chair/train/chair_0418.off,2,chair
chair/train/chair_0419.off,2,chair
chair/train/chair_0420.off,2,chair
chair/train/chair_0421.off,2,chair
chair/train/chair_0422.off,2,chair
chair/train/chair_0423.off,2,chair
chair/train/chair_0424.off,2,chair
chair/train/chair_0425.off,2,chair
chair/train/chair_0426.off,2,chair
chair/train/chair_0427.off,2,chair
chair/train/chair_0428.off,2,chair
chair/train/chair_0429.off,2,chair
chair/train/chair_0430.off,2,chair
chair/train/chair_0431.off,2,chair
chair/train/chair_0432.off,2,chair
chair/train/chair_0433.off,2,chair
chair/train/chair_0434.off,2,chair
chair/train/chair_0435.off,2,chair
chair/train/chair_0436.off,2,chair
chair/train/chair_0437.off,2,chair
chair/train/chair_0438.off,2,chair
chair/train/chair_0439.off,2,chair
chair/train/chair_0440.off,2,chair
chair/train/chair_0441.off,2,chair
chair/train/chair_0442.off,2,chair
chair/train/chair_0443.off,2,chair
chair/train/chair_0444.off,2,chair
chair/train/chair_0445.off,2,chair
chair/train/chair_0446.off,2,chair
chair/train/chair_0447.off,2,chair
chair/train/chair_0448.off,2,chair
chair/train/chair_0449.off,2,chair
chair/train/chair_0450.off,2,chair
chair/train/chair_0451.off,2,chair
chair/train/chair_0452.off,2,chair
chair/train/chair_0453.off,2,chair
chair/train/chair_0454.off,2,chair
chair/train/chair_0455.off,2,chair
chair/train/chair_0456.off,2,chair
chair/train/chair_0457.off,2,chair
chair/train/chair_0458.off,2,chair
chair/train/chair_0459.off,2,chair
chair/train/chair_0460.off,2,chair
chair/train/chair_0461.off,2,chair
chair/train/chair_0462.off,2,chair
chair/train/chair_0463.off,2,chair
chair/train/chair_0464.off,2,chair
chair/train/chair_0465.off,2,chair
chair/train/chair_0466.off,2,chair
chair/train/chair_0467.off,2,chair
chair/train/chair_0468.off,2,chair
chair/train/chair_0469.off,2,chair
chair/train/chair_0470.off,2,chair
chair/train/chair_0471.off,2,chair
chair/train/chair_0472.off,2,chair
chair/train/chair_0473.off,2,chair
chair/train/chair_0474.off,2,chair
chair/train/chair_0475.off,2,chair
chair/train/chair_0476.off,2,chair
chair/train/chair_0477.off,2,chair
chair/train/chair_0478.off,2,chair
chair/train/chair_0479.off,2,chair
chair/train/chair_0480.off,2,chair
chair/train/chair_0481.off,2,chair
chair/train/chair_0482.off,2,chair
chair/train/chair_0483.off,2,chair
chair/train/chair_0484.off,2,chair
chair/train/chair_0485.off,2,chair
chair/train/chair_0486.off,2,chair
chair/train/chair_0487.off,2,chair
chair/train/chair_0488.off,2,chair
chair/train/chair_0489.off,2,chair
chair/train/chair_0490.off,2,chair
chair/train/chair_0491.off,2,chair
chair/train/chair_0492.off,2,chair
chair/train/chair_0493.off,2,chair
chair/train/chair_0494.off,2,chair
chair/train/chair_0495.off,2,chair
chair/train/chair_0496.off,2,chair
chair/train/chair_0497.off,2,chair
chair/train/chair_0498.off,2,chair
chair/train/chair_0499.off,2,chair
chair/train/chair_0500.off,2,chair
chair/train/chair_0501.off,2,chair
chair/train/chair_0502.off,2,chair
chair/train/chair_0503.off,2,chair
chair/train/chair_0504.off,2,chair
chair/train/chair_0505.off,2,chair
chair/train/chair_0506.off,2,chair
chair/train/chair_0507.off,2,chair
chair/train/chair_0508.off,2,chair
chair/train/chair_0509.off,2,chair
chair/train/chair_0510.off,2,chair
chair/train/chair_0511.off,2,chair
chair/train/chair_0512.off,2,chair
chair/train/chair_0513.off,2,chair
chair/train/chair_0514.off,2,chair
chair/train/chair_0515.off,2,chair
chair/train/chair_0516.off,2,chair
chair/train/chair_0517.off,2,chair
chair/train/chair_0518.off,2,chair
chair/train/chair_0519.off,2,chair
chair/train/chair_0520.off,2,chair
chair/train/chair_0521.off,2,chair
chair/train/chair_0522.off,2,chair
chair/train/chair_0523.off,2,chair
chair/train/chair_0524.off,2,chair
chair/train/chair_0525.off,2,chair
chair/train/chair_0526.off,2,chair
chair/train/chair_0527.off,2,chair
chair/train/chair_0528.off,2,chair
chair/train/chair_0529.off,2,chair
chair/train/chair_0530.off,2,chair
chair/train/chair_0531.off,2,chair
chair/train/chair_0532.off,2,chair
chair/train/chair_0533.off,2,chair
chair/train/chair_0534.off,2,chair
chair/train/chair_0535.off,2,chair
chair/train/chair_0536.off,2,chair
chair/train/chair_0537.off,2,chair
chair/train/chair_0538.off,2,chair
chair/train/chair_0539.off,2,chair
chair/train/chair_0540.off,2,chair
chair/train/chair_0541.off,2,chair
chair/train/chair_0542.off,2,chair
chair/train/chair_0543.off,2,chair
chair/train/chair_0544.off,2,chair
chair/train/chair_0545.off,2,chair
chair/train/chair_0546.off,2,chair
chair/train/chair_0547.off,2,chair
chair/train/chair_0548.off,2,chair
chair/train/chair_0549.off,2,chair
chair/train/chair_0550.off,2,chair
chair/train/chair_0551.off,2,chair
chair/train/chair_0552.off,2,chair
chair/train/chair_0553.off,2,chair
chair/train/chair_0554.off,2,chair
chair/train/chair_0555.off,2,chair
chair/train/chair_0556.off,2,chair
chair/train/chair_0557.off,2,chair
chair/train/chair_0558.off,2,chair
chair/train/chair_0559.off,2,chair
chair/train/chair_0560.off,2,chair
chair/train/chair_0561.off,2,chair
chair/train/chair_0562.off,2,chair
chair/train/chair_0563.off,2,chair
chair/train/chair_0564.off,2,chair
chair/train/chair_0565.off,2,chair
chair/train/chair_0566.off,2,chair
chair/train/chair_0567.off,2,chair
chair/train/chair_0568.off,2,chair
chair/train/chair_0569.off,2,chair
chair/train/chair_0570.off,2,chair
chair/train/chair_0571.off,2,chair
chair/train/chair_0572.off,2,chair
chair/train/chair_0573.off,2,chair
chair/train/chair_0574.off,2,chair
chair/train/chair_0575.off,2,chair
chair/train/chair_0576.off,2,chair
chair/train/chair_0577.off,2,chair
chair/train/chair_0578.off,2,chair
chair/train/chair_0579.off,2,chair
chair/train/chair_0580.off,2,chair
chair/train/chair_0581.off,2,chair
chair/train/chair_0582.off,2,chair
chair/train/chair_0583.off,2,chair
chair/train/chair_0584.off,2,chair
chair/train/chair_0585.off,2,chair
chair/train/chair_0586.off,2,chair
chair/train/chair_0587.off,2,chair
chair/train/chair_0588.off,2,chair
chair/train/chair_0589.off,2,chair
chair/train/chair_0590.off,2,chair
chair/train/chair_0591.off,2,chair
chair/train/chair_0592.off,2,chair
chair/train/chair_0593.off,2,chair
chair/train/chair_0594.off,2,chair
chair/train/chair_0595.off,2,chair
chair/train/chair_0596.off,2,chair
chair/train/chair_0597.off,2,chair
chair/train/chair_0598.off,2,chair
chair/train/chair_0599.off,2,chair
chair/train/chair_0600.off,2,chair
chair/train/chair_0601.off,2,chair
chair/train/chair_0602.off,2,chair
chair/train/chair_0603.off,2,chair
chair/train/chair_0604.off,2,chair
chair/train/chair_0605.off,2,chair
chair/train/chair_0606.off,2,chair
chair/train/chair_0607.off,2,chair
chair/train/chair_0608.off,2,chair
chair/train/chair_0609.off,2,chair
chair/train/chair_0610.off,2,chair
chair/train/chair_0611.off,2,chair
chair/train/chair_0612.off,2,chair
chair/train/chair_0613.off,2,chair
chair/train/chair_0614.off,2,chair
chair/train/chair_0615.off,2,chair
chair/train/chair_0616.off,2,chair
chair/train/chair_0617.off,2,chair
chair/train/chair_0618.off,2,chair
chair/train/chair_0619.off,2,chair
chair/train/chair_0620.off,2,chair
chair/train/chair_0621.off,2,chair
chair/train/chair_0622.off,2,chair
chair/train/chair_0623.off,2,chair
chair/train/chair_0624.off,2,chair
chair/train/chair_0625.off,2,chair
chair/train/chair_0626.off,2,chair
chair/train/chair_0627.off,2,chair
chair/train/chair_0628.off,2,chair
chair/train/chair_0629.off,2,chair
chair/train/chair_0630.off,2,chair
chair/train/chair_0631.off,2,chair
chair/train/chair_0632.off,2,chair
chair/train/chair_0633.off,2,chair
chair/train/chair_0634.off,2,chair
chair/train/chair_0635.off,2,chair
chair/train/chair_0636.off,2,chair
chair/train/chair_0637.off,2,chair
chair/train/chair_0638.off,2,chair
chair/train/chair_0639.off,2,chair
chair/train/chair_0640.off,2,chair
chair/train/chair_0641.off,2,chair
chair/train/chair_0642.off,2,chair
chair/train/chair_0643.off,2,chair
chair/train/chair_0644.off,2,chair
chair/train/chair_0645.off,2,chair
chair/train/chair_0646.off,2,chair
chair/train/chair_0647.off,2,chair
chair/train/chair_0648.off,2,chair
chair/train/chair_0649.off,2,chair
chair/train/chair_0650.off,2,chair
chair/train/chair_0651.off,2,chair
chair/train/chair_0652.off,2,chair
chair/train/chair_0653.off,2,chair
chair/train/chair_0654.off,2,chair
chair/train/chair_0655.off,2,chair
chair/train/chair_0656.off,2,chair
chair/train/chair_0657.off,2,chair
chair/train/chair_0658.off,2,chair
chair/train/chair_0659.off,2,chair
chair/train/chair_0660.off,2,chair
chair/train/chair_0661.off,2,chair
chair/train/chair_0662.off,2,chair
chair/train/chair_0663.off,2,chair
chair/train/chair_0664.off,2,chair
chair/train/chair_0665.off,2,chair
chair/train/chair_0666.off,2,chair
chair/train/chair_0667.off,2,chair
chair/train/chair_0668.off,2,chair
chair/train/chair_0669.off,2,chair
chair/train/chair_0670.off,2,chair
chair/train/chair_0671.off,2,chair
chair/train/chair_0672.off,2,chair
chair/train/chair_0673.off,2,chair
chair/train/chair_0674.off,2,chair
chair/train/chair_0675.off,2,chair
chair/train/chair_0676.off,2,chair
chair/train/chair_0677.off,2,chair
chair/train/chair_0678.off,2,chair
chair/train/chair_0679.off,2,chair
chair/train/chair_0680.off,2,chair
chair/train/chair_0681.off,2,chair
chair/train/chair_0682.off,2,chair
chair/train/chair_0683.off,2,chair
chair/train/chair_0684.off,2,chair
chair/train/chair_0685.off,2,chair
chair/train/chair_0686.off,2,chair
chair/train/chair_0687.off,2,chair
chair/train/chair_0688.off,2,chair
chair/train/chair_0689.off,2,chair
chair/train/chair_0690.off,2,chair
chair/train/chair_0691.off,2,chair
chair/train/chair_0692.off,2,chair
chair/train/chair_0693.off,2,chair
chair/train/chair_0694.off,2,chair
chair/train/chair_0695.off,2,chair
chair/train/chair_0696.off,2,chair
chair/train/chair_0697.off,2,chair
chair/train/chair_0698.off,2,chair
chair/train/chair_0699.off,2,chair
chair/train/chair_0700.off,2,chair
chair/train/chair_0701.off,2,chair
chair/train/chair_0702.off,2,chair
chair/train/chair_0703.off,2,chair
chair/train/chair_0704.off,2,chair
chair/train/chair_0705.off,2,chair
chair/train/chair_0706.off,2,chair
chair/train/chair_0707.off,2,chair
chair/train/chair_0708.off,2,chair
chair/train/chair_0709.off,2,chair
chair/train/chair_0710.off,2,chair
chair/train/chair_0711.off,2,chair
chair/train/chair_0712.off,2,chair
chair/train/chair_0713.off,2,chair
chair/train/chair_0714.off,2,chair
chair/train/chair_0715.off,2,chair
chair/train/chair_0716.off,2,chair
chair/train/chair_0717.off,2,chair
chair/train/chair_0718.off,2,chair
chair/train/chair_0719.off,2,chair
chair/train/chair_0720.off,2,chair
chair/train/chair_0721.off,2,chair
chair/train/chair_0722.off,2,chair
chair/train/chair_0723.off,2,chair
chair/train/chair_0724.off,2,chair
chair/train/chair_0725.off,2,chair
chair/train/chair_0726.off,2,chair
chair/train/chair_0727.off,2,chair
chair/train/chair_0728.off,2,chair
chair/train/chair_0729.off,2,chair
chair/train/chair_0730.off,2,chair
chair/train/chair_0731.off,2,chair
chair/train/chair_0732.off,2,chair
chair/train/chair_0733.off,2,chair
chair/train/chair_0734.off,2,chair
chair/train/chair_0735.off,2,chair
chair/train/chair_0736.off,2,chair
chair/train/chair_0737.off,2,chair
chair/train/chair_0738.off,2,chair
chair/train/chair_0739.off,2,chair
chair/train/chair_0740.off,2,chair
chair/train/chair_0741.off,2,chair
chair/train/chair_0742.off,2,chair
chair/train/chair_0743.off,2,chair
chair/train/chair_0744.off,2,chair
chair/train/chair_0745.off,2,chair
chair/train/chair_0746.off,2,chair
chair/train/chair_0747.off,2,chair
chair/train/chair_0748.off,2,chair
chair/train/chair_0749.off,2,chair
chair/train/chair_0750.off,2,chair
chair/train/chair_0751.off,2,chair
chair/train/chair_0752.off,2,chair
chair/train/chair_0753.off,2,chair
chair/train/chair_0754.off,2,chair
chair/train/chair_0755.off,2,chair
chair/train/chair_0756.off,2,chair
chair/train/chair_0757.off,2,chair
chair/train/chair_0758.off,2,chair
chair/train/chair_0759.off,2,chair
chair/train/chair_0760.off,2,chair
chair/train/chair_0761.off,2,chair
chair/train/chair_0762.off,2,chair
chair/train/chair_0763.off,2,chair
chair/train/chair_0764.off,2,chair
chair/train/chair_0765.off,2,chair
chair/train/chair_0766.off,2,chair
chair/train/chair_0767.off,2,chair
chair/train/chair_0768.off,2,chair
chair/train/chair_0769.off,2,chair
chair/train/chair_0770.off,2,chair
chair/train/chair_0771.off,2,chair
chair/train/chair_0772.off,2,chair
chair/train/chair_0773.off,2,chair
chair/train/chair_0774.off,2,chair
chair/train/chair_0775.off,2,chair
chair/train/chair_0776.off,2,chair
chair/train/chair_0777.off,2,chair
chair/train/chair_0778.off,2,chair
chair/train/chair_0779.off,2,chair
chair/train/chair_0780.off,2,chair
chair/train/chair_0781.off,2,chair
chair/train/chair_0782.off,2,chair
chair/train/chair_0783.off,2,chair
chair/train/chair_0784.off,2,chair
chair/train/chair_0785.off,2,chair
chair/train/chair_0786.off,2,chair
chair/train/chair_0787.off,2,chair
chair/train/chair_0788.off,2,chair
chair/train/chair_0789.off,2,chair
chair/train/chair_0790.off,2,chair
chair/train/chair_0791.off,2,chair
chair/train/chair_0792.off,2,chair
chair/train/chair_0793.off,2,chair
chair/train/chair_0794.off,2,chair
chair/train/chair_0795.off,2,chair
chair/train/chair_0796.off,2,chair
chair/train/chair_0797.off,2,chair
chair/train/chair_0798.off,2,chair
chair/train/chair_0799.off,2,chair
chair/train/chair_0800.off,2,chair
chair/train/chair_0801.off,2,chair
chair/train/chair_0802.off,2,chair
chair/train/chair_0803.off,2,chair
chair/train/chair_0804.off,2,chair
chair/train/chair_0805.off,2,chair
chair/train/chair_0806.off,2,chair
chair/train/chair_0807.off,2,chair
chair/train/chair_0808.off,2,chair
chair/train/chair_0809.off,2,chair
chair/train/chair_0810.off,2,chair
chair/train/chair_0811.off,2,chair
chair/train/chair_0812.off,2,chair
chair/train/chair_0813.off,2,chair
chair/train/chair_0814.off,2,chair
chair/train/chair_0815.off,2,chair
chair/train/chair_0816.off,2,chair
chair/train/chair_0817.off,2,chair
chair/train/chair_0818.off,2,chair
chair/train/chair_0819.off,2,chair
chair/train/chair_0820.off,2,chair
chair/train/chair_0821.off,2,chair
chair/train/chair_0822.off,2,chair
chair/train/chair_0823.off,2,chair
chair/train/chair_0824.off,2,chair
chair/train/chair_0825.off,2,chair
chair/train/chair_0826.off,2,chair
chair/train/chair_0827.off,2,chair
chair/train/chair_0828.off,2,chair
chair/train/chair_0829.off,2,chair
chair/train/chair_0830.off,2,chair
chair/train/chair_0831.off,2,chair
chair/train/chair_0832.off,2,chair
chair/train/chair_0833.off,2,chair
chair/train/chair_0834.off,2,chair
chair/train/chair_0835.off,2,chair
chair/train/chair_0836.off,2,chair
chair/train/chair_0837.off,2,chair
chair/train/chair_0838.off,2,chair
chair/train/chair_0839.off,2,chair
chair/train/chair_0840.off,2,chair
chair/train/chair_0841.off,2,chair
chair/train/chair_0842.off,2,chair
chair/train/chair_0843.off,2,chair
chair/train/chair_0844.off,2,chair
chair/train/chair_0845.off,2,chair
chair/train/chair_0846.off,2,chair
chair/train/chair_0847.off,2,chair
chair/train/chair_0848.off,2,chair
chair/train/chair_0849.off,2,chair
chair/train/chair_0850.off,2,chair
chair/train/chair_0851.off,2,chair
chair/train/chair_0852.off,2,chair
chair/train/chair_0853.off,2,chair
chair/train/chair_0854.off,2,chair
chair/train/chair_0855.off,2,chair
chair/train/chair_0856.off,2,chair
chair/train/chair_0857.off,2,chair
chair/train/chair_0858.off,2,chair
chair/train/chair_0859.off,2,chair
chair/train/chair_0860.off,2,chair
chair/train/chair_0861.off,2,chair
chair/train/chair_0862.off,2,chair
chair/train/chair_0863.off,2,chair
chair/train/chair_0864.off,2,chair
chair/train/chair_0865.off,2,chair
chair/train/chair_0866.off,2,chair
chair/train/chair_0867.off,2,chair
chair/train/chair_0868.off,2,chair
chair/train/chair_0869.off,2,chair
chair/train/chair_0870.off,2,chair
chair/train/chair_0871.off,2,chair
chair/train/chair_0872.off,2,chair
chair/train/chair_0873.off,2,chair
chair/train/chair_0874.off,2,chair
chair/train/chair_0875.off,2,chair
chair/train/chair_0876.off,2,chair
chair/train/chair_0877.off,2,chair
chair/train/chair_0878.off,2,chair
chair/train/chair_0879.off,2,chair
chair/train/chair_0880.off,2,chair
chair/train/chair_0881.off,2,chair
chair/train/chair_0882.off,2,chair
chair/train/chair_0883.off,2,chair
chair/train/chair_0884.off,2,chair
chair/train/chair_0885.off,2,chair
chair/train/chair_0886.off,2,chair
chair/train/chair_0887.off,2,chair
chair/train/chair_0888.off,2,chair
chair/train/chair_0889.off,2,chair
desk/train/desk_0001.off,3,desk
desk/train/desk_0002.off,3,desk
desk/train/desk_0003.off,3,desk
desk/train/desk_0004.off,3,desk
desk/train/desk_0005.off,3,desk
desk/train/desk_0006.off,3,desk
desk/train/desk_0007.off,3,desk
desk/train/desk_0008.off,3,desk
desk/train/desk_0009.off,3,desk
desk/train/desk_0010.off,3,desk
desk/train/desk_0011.off,3,desk
desk/train/desk_0012.off,3,desk
desk/train/desk_0013.off,3,desk
desk/train/desk_0014.off,3,desk
desk/train/desk_0015.off,3,desk
desk/train/desk_0016.off,3,desk
desk/train/desk_0017.off,3,desk
desk/train/desk_0018.off,3,desk
desk/train/desk_0019.off,3,desk
desk/train/desk_0020.off,3,desk
desk/train/desk_0021.off,3,desk
desk/train/desk_0022.off,3,desk
desk/train/desk_0023.off,3,desk
desk/train/desk_0024.off,3,desk
desk/train/desk_0025.off,3,desk
desk/train/desk_0026.off,3,desk
desk/train/desk_0027.off,3,desk
desk/train/desk_0028.off,3,desk
desk/train/desk_0029.off,3,desk
desk/train/desk_0030.off,3,desk
desk/train/desk_0031.off,3,desk
desk/train/desk_0032.off,3,desk
desk/train/desk_0033.off,3,desk
desk/train/desk_0034.off,3,desk
desk/train/desk_0035.off,3,desk
desk/train/desk_0036.off,3,desk
desk/train/desk_0037.off,3,desk
desk/train/desk_0038.off,3,desk
desk/train/desk_0039.off,3,desk
desk/train/desk_0040.off,3,desk
desk/train/desk_0041.off,3,desk
desk/train/desk_0042.off,3,desk
desk/train/desk_0043.off,3,desk
desk/train/desk_0044.off,3,desk
desk/train/desk_0045.off,3,desk
desk/train/desk_0046.off,3,desk
desk/train/desk_0047.off,3,desk
desk/train/desk_0048.off,3,desk
desk/train/desk_0049.off,3,desk
desk/train/desk_0050.off,3,desk
desk/train/desk_0051.off,3,desk
desk/train/desk_0052.off,3,desk
desk/train/desk_0053.off,3,desk
desk/train/desk_0054.off,3,desk
desk/train/desk_0055.off,3,desk
desk/train/desk_0056.off,3,desk
desk/train/desk_0057.off,3,desk
desk/train/desk_0058.off,3,desk
desk/train/desk_0059.off,3,desk
desk/train/desk_0060.off,3,desk
desk/train/desk_0061.off,3,desk
desk/train/desk_0062.off,3,desk
desk/train/desk_0063.off,3,desk
desk/train/desk_0064.off,3,desk
desk/train/desk_0065.off,3,desk
desk/train/desk_0066.off,3,desk
desk/train/desk_0067.off,3,desk
desk/train/desk_0068.off,3,desk
desk/train/desk_0069.off,3,desk
desk/train/desk_0070.off,3,desk
desk/train/desk_0071.off,3,desk
desk/train/desk_0072.off,3,desk
desk/train/desk_0073.off,3,desk
desk/train/desk_0074.off,3,desk
desk/train/desk_0075.off,3,desk
desk/train/desk_0076.off,3,desk
desk/train/desk_0077.off,3,desk
desk/train/desk_0078.off,3,desk
desk/train/desk_0079.off,3,desk
desk/train/desk_0080.off,3,desk
desk/train/desk_0081.off,3,desk
desk/train/desk_0082.off,3,desk
desk/train/desk_0083.off,3,desk
desk/train/desk_0084.off,3,desk
desk/train/desk_0085.off,3,desk
desk/train/desk_0086.off,3,desk
desk/train/desk_0087.off,3,desk
desk/train/desk_0088.off,3,desk
desk/train/desk_0089.off,3,desk
desk/train/desk_0090.off,3,desk
desk/train/desk_0091.off,3,desk
desk/train/desk_0092.off,3,desk
desk/train/desk_0093.off,3,desk
desk/train/desk_0094.off,3,desk
desk/train/desk_0095.off,3,desk
desk/train/desk_0096.off,3,desk
desk/train/desk_0097.off,3,desk
desk/train/desk_0098.off,3,desk
desk/train/desk_0099.off,3,desk
desk/train/desk_0100.off,3,desk
desk/train/desk_0101.off,3,desk
desk/train/desk_0102.off,3,desk
desk/train/desk_0103.off,3,desk
desk/train/desk_0104.off,3,desk
desk/train/desk_0105.off,3,desk
desk/train/desk_0106.off,3,desk
desk/train/desk_0107.off,3,desk
desk/train/desk_0108.off,3,desk
desk/train/desk_0109.off,3,desk
desk/train/desk_0110.off,3,desk
desk/train/desk_0111.off,3,desk
desk/train/desk_0112.off,3,desk
desk/train/desk_0113.off,3,desk
desk/train/desk_0114.off,3,desk
desk/train/desk_0115.off,3,desk
desk/train/desk_0116.off,3,desk
desk/train/desk_0117.off,3,desk
desk/train/desk_0118.off,3,desk
desk/train/desk_0119.off,3,desk
desk/train/desk_0120.off,3,desk
desk/train/desk_0121.off,3,desk
desk/train/desk_0122.off,3,desk
desk/train/desk_0123.off,3,desk
desk/train/desk_0124.off,3,desk
desk/train/desk_0125.off,3,desk
desk/train/desk_0126.off,3,desk
desk/train/desk_0127.off,3,desk
desk/train/desk_0128.off,3,desk
desk/train/desk_0129.off,3,desk
desk/train/desk_0130.off,3,desk
desk/train/desk_0131.off,3,desk
desk/train/desk_0132.off,3,desk
desk/train/desk_0133.off,3,desk
desk/train/desk_0134.off,3,desk
desk/train/desk_0135.off,3,desk
desk/train/desk_0136.off,3,desk
desk/train/desk_0137.off,3,desk
desk/train/desk_0138.off,3,desk
desk/train/desk_0139.off,3,desk
desk/train/desk_0140.off,3,desk
desk/train/desk_0141.off,3,desk
desk/train/desk_0142.off,3,desk
desk/train/desk_0143.off,3,desk
desk/train/desk_0144.off,3,desk
desk/train/desk_0145.off,3,desk
desk/train/desk_0146.off,3,desk
desk/train/desk_0147.off,3,desk
desk/train/desk_0148.off,3,desk
desk/train/desk_0149.off,3,desk
desk/train/desk_0150.off,3,desk
desk/train/desk_0151.off,3,desk
desk/train/desk_0152.off,3,desk
desk/train/desk_0153.off,3,desk
desk/train/desk_0154.off,3,desk
desk/train/desk_0155.off,3,desk
desk/train/desk_0156.off,3,desk
desk/train/desk_0157.off,3,desk
desk/train/desk_0158.off,3,desk
desk/train/desk_0159.off,3,desk
desk/train/desk_0160.off,3,desk
desk/train/desk_0161.off,3,desk
desk/train/desk_0162.off,3,desk
desk/train/desk_0163.off,3,desk
desk/train/desk_0164.off,3,desk
desk/train/desk_0165.off,3,desk
desk/train/desk_0166.off,3,desk
desk/train/desk_0167.off,3,desk
desk/train/desk_0168.off,3,desk
desk/train/desk_0169.off,3,desk
desk/train/desk_0170.off,3,desk
desk/train/desk_0171.off,3,desk
desk/train/desk_0172.off,3,desk
desk/train/desk_0173.off,3,desk
desk/train/desk_0174.off,3,desk
desk/train/desk_0175.off,3,desk
desk/train/desk_0176.off,3,desk
desk/train/desk_0177.off,3,desk
desk/train/desk_0178.off,3,desk
desk/train/desk_0179.off,3,desk
desk/train/desk_0180.off,3,desk
desk/train/desk_0181.off,3,desk
desk/train/desk_0182.off,3,desk
desk/train/desk_0183.off,3,desk
desk/train/desk_0184.off,3,desk
desk/train/desk_0185.off,3,desk
desk/train/desk_0186.off,3,desk
desk/train/desk_0187.off,3,desk
desk/train/desk_0188.off,3,desk
desk/train/desk_0189.off,3,desk
desk/train/desk_0190.off,3,desk
desk/train/desk_0191.off,3,desk
desk/train/desk_0192.off,3,desk
desk/train/desk_0193.off,3,desk
desk/train/desk_0194.off,3,desk
desk/train/desk_0195.off,3,desk
desk/train/desk_0196.off,3,desk
desk/train/desk_0197.off,3,desk
desk/train/desk_0198.off,3,desk
desk/train/desk_0199.off,3,desk
desk/train/desk_0200.off,3,desk
dresser/train/dresser_0001.off,4,dresser
dresser/train/dresser_0002.off,4,dresser
dresser/train/dresser_0003.off,4,dresser
dresser/train/dresser_0004.off,4,dresser
dresser/train/dresser_0005.off,4,dresser
dresser/train/dresser_0006.off,4,dresser
dresser/train/dresser_0007.off,4,dresser
dresser/train/dresser_0008.off,4,dresser
dresser/train/dresser_0009.off,4,dresser
dresser/train/dresser_0010.off,4,dresser
dresser/train/dresser_0011.off,4,dresser
dresser/train/dresser_0012.off,4,dresser
dresser/train/dresser_0013.off,4,dresser
dresser/train/dresser_0014.off,4,dresser
dresser/train/dresser_0015.off,4,dresser
dresser/train/dresser_0016.off,4,dresser
dresser/train/dresser_0017.off,4,dresser
dresser/train/dresser_0018.off,4,dresser
dresser/train/dresser_0019.off,4,dresser
dresser/train/dresser_0020.off,4,dresser
dresser/train/dresser_0021.off,4,dresser
dresser/train/dresser_0022.off,4,dresser
dresser/train/dresser_0023.off,4,dresser
dresser/train/dresser_0024.off,4,dresser
dresser/train/dresser_0025.off,4,dresser
dresser/train/dresser_0026.off,4,dresser
dresser/train/dresser_0027.off,4,dresser
dresser/train/dresser_0028.off,4,dresser
dresser/train/dresser_0029.off,4,dresser
dresser/train/dresser_0030.off,4,dresser
dresser/train/dresser_0031.off,4,dresser
dresser/train/dresser_0032.off,4,dresser
dresser/train/dresser_0033.off,4,dresser
dresser/train/dresser_0034.off,4,dresser
dresser/train/dresser_0035.off,4,dresser
dresser/train/dresser_0036.off,4,dresser
dresser/train/dresser_0037.off,4,dresser
dresser/train/dresser_0038.off,4,dresser
dresser/train/dresser_0039.off,4,dresser
dresser/train/dresser_0040.off,4,dresser
dresser/train/dresser_0041.off,4,dresser
dresser/train/dresser_0042.off,4,dresser
dresser/train/dresser_0043.off,4,dresser
dresser/train/dresser_0044.off,4,dresser
dresser/train/dresser_0045.off,4,dresser
dresser/train/dresser_0046.off,4,dresser
dresser/train/dresser_0047.off,4,dresser
dresser/train/dresser_0048.off,4,dresser
dresser/train/dresser_0049.off,4,dresser
dresser/train/dresser_0050.off,4,dresser
dresser/train/dresser_0051.off,4,dresser
dresser/train/dresser_0052.off,4,dresser
dresser/train/dresser_0053.off,4,dresser
dresser/train/dresser_0054.off,4,dresser
dresser/train/dresser_0055.off,4,dresser
dresser/train/dresser_0056.off,4,dresser
dresser/train/dresser_0057.off,4,dresser
dresser/train/dresser_0058.off,4,dresser
dresser/train/dresser_0059.off,4,dresser
dresser/train/dresser_0060.off,4,dresser
dresser/train/dresser_0061.off,4,dresser
dresser/train/dresser_0062.off,4,dresser
dresser/train/dresser_0063.off,4,dresser
dresser/train/dresser_0064.off,4,dresser
dresser/train/dresser_0065.off,4,dresser
dresser/train/dresser_0066.off,4,dresser
dresser/train/dresser_0067.off,4,dresser
dresser/train/dresser_0068.off,4,dresser
dresser/train/dresser_0069.off,4,dresser
dresser/train/dresser_0070.off,4,dresser
dresser/train/dresser_0071.off,4,dresser
dresser/train/dresser_0072.off,4,dresser
dresser/train/dresser_0073.off,4,dresser
dresser/train/dresser_0074.off,4,dresser
dresser/train/dresser_0075.off,4,dresser
dresser/train/dresser_0076.off,4,dresser
dresser/train/dresser_0077.off,4,dresser
dresser/train/dresser_0078.off,4,dresser
dresser/train/dresser_0079.off,4,dresser
dresser/train/dresser_0080.off,4,dresser
dresser/train/dresser_0081.off,4,dresser
dresser/train/dresser_0082.off,4,dresser
dresser/train/dresser_0083.off,4,dresser
dresser/train/dresser_0084.off,4,dresser
dresser/train/dresser_0085.off,4,dresser
dresser/train/dresser_0086.off,4,dresser
dresser/train/dresser_0087.off,4,dresser
dresser/train/dresser_0088.off,4,dresser
dresser/train/dresser_0089.off,4,dresser
dresser/train/dresser_0090.off,4,dresser
dresser/train/dresser_0091.off,4,dresser
dresser/train/dresser_0092.off,4,dresser
dresser/train/dresser_0093.off,4,dresser
dresser/train/dresser_0094.off,4,dresser
dresser/train/dresser_0095.off,4,dresser
dresser/train/dresser_0096.off,4,dresser
dresser/train/dresser_0097.off,4,dresser
dresser/train/dresser_0098.off,4,dresser
dresser/train/dresser_0099.off,4,dresser
dresser/train/dresser_0100.off,4,dresser
dresser/train/dresser_0101.off,4,dresser
dresser/train/dresser_0102.off,4,dresser
dresser/train/dresser_0103.off,4,dresser
dresser/train/dresser_0104.off,4,dresser
dresser/train/dresser_0105.off,4,dresser
dresser/train/dresser_0106.off,4,dresser
dresser/train/dresser_0107.off,4,dresser
dresser/train/dresser_0108.off,4,dresser
dresser/train/dresser_0109.off,4,dresser
dresser/train/dresser_0110.off,4,dresser
dresser/train/dresser_0111.off,4,dresser
dresser/train/dresser_0112.off,4,dresser
dresser/train/dresser_0113.off,4,dresser
dresser/train/dresser_0114.off,4,dresser
dresser/train/dresser_0115.off,4,dresser
dresser/train/dresser_0116.off,4,dresser
dresser/train/dresser_0117.off,4,dresser
dresser/train/dresser_0118.off,4,dresser
dresser/train/dresser_0119.off,4,dresser
dresser/train/dresser_0120.off,4,dresser
dresser/train/dresser_0121.off,4,dresser
dresser/train/dresser_0122.off,4,dresser
dresser/train/dresser_0123.off,4,dresser
dresser/train/dresser_0124.off,4,dresser
dresser/train/dresser_0125.off,4,dresser
dresser/train/dresser_0126.off,4,dresser
dresser/train/dresser_0127.off,4,dresser
dresser/train/dresser_0128.off,4,dresser
dresser/train/dresser_0129.off,4,dresser
dresser/train/dresser_0130.off,4,dresser
dresser/train/dresser_0131.off,4,dresser
dresser/train/dresser_0132.off,4,dresser
dresser/train/dresser_0133.off,4,dresser
dresser/train/dresser_0134.off,4,dresser
dresser/train/dresser_0135.off,4,dresser
dresser/train/dresser_0136.off,4,dresser
dresser/train/dresser_0137.off,4,dresser
dresser/train/dresser_0138.off,4,dresser
dresser/train/dresser_0139.off,4,dresser
dresser/train/dresser_0140.off,4,dresser
dresser/train/dresser_0141.off,4,dresser
dresser/train/dresser_0142.off,4,dresser
dresser/train/dresser_0143.off,4,dresser
dresser/train/dresser_0144.off,4,dresser
dresser/train/dresser_0145.off,4,dresser
dresser/train/dresser_0146.off,4,dresser
dresser/train/dresser_0147.off,4,dresser
dresser/train/dresser_0148.off,4,dresser
dresser/train/dresser_0149.off,4,dresser
dresser/train/dresser_0150.off,4,dresser
dresser/train/dresser_0151.off,4,dresser
dresser/train/dresser_0152.off,4,dresser
dresser/train/dresser_0153.off,4,dresser
dresser/train/dresser_0154.off,4,dresser
dresser/train/dresser_0155.off,4,dresser
dresser/train/dresser_0156.off,4,dresser
dresser/train/dresser_0157.off,4,dresser
dresser/train/dresser_0158.off,4,dresser
dresser/train/dresser_0159.off,4,dresser
dresser/train/dresser_0160.off,4,dresser
dresser/train/dresser_0161.off,4,dresser
dresser/train/dresser_0162.off,4,dresser
dresser/train/dresser_0163.off,4,dresser
dresser/train/dresser_0164.off,4,dresser
dresser/train/dresser_0165.off,4,dresser
dresser/train/dresser_0166.off,4,dresser
dresser/train/dresser_0167.off,4,dresser
dresser/train/dresser_0168.off,4,dresser
dresser/train/dresser_0169.off,4,dresser
dresser/train/dresser_0170.off,4,dresser
dresser/train/dresser_0171.off,4,dresser
dresser/train/dresser_0172.off,4,dresser
dresser/train/dresser_0173.off,4,dresser
dresser/train/dresser_0174.off,4,dresser
dresser/train/dresser_0175.off,4,dresser
dresser/train/dresser_0176.off,4,dresser
dresser/train/dresser_0177.off,4,dresser
dresser/train/dresser_0178.off,4,dresser
dresser/train/dresser_0179.off,4,dresser
dresser/train/dresser_0180.off,4,dresser
dresser/train/dresser_0181.off,4,dresser
dresser/train/dresser_0182.off,4,dresser
dresser/train/dresser_0183.off,4,dresser
dresser/train/dresser_0184.off,4,dresser
dresser/train/dresser_0185.off,4,dresser
dresser/train/dresser_0186.off,4,dresser
dresser/train/dresser_0187.off,4,dresser
dresser/train/dresser_0188.off,4,dresser
dresser/train/dresser_0189.off,4,dresser
dresser/train/dresser_0190.off,4,dresser
dresser/train/dresser_0191.off,4,dresser
dresser/train/dresser_0192.off,4,dresser
dresser/train/dresser_0193.off,4,dresser
dresser/train/dresser_0194.off,4,dresser
dresser/train/dresser_0195.off,4,dresser
dresser/train/dresser_0196.off,4,dresser
dresser/train/dresser_0197.off,4,dresser
dresser/train/dresser_0198.off,4,dresser
dresser/train/dresser_0199.off,4,dresser
dresser/train/dresser_0200.off,4,dresser
monitor/train/monitor_0001.off,5,monitor
monitor/train/monitor_0002.off,5,monitor
monitor/train/monitor_0003.off,5,monitor
monitor/train/monitor_0004.off,5,monitor
monitor/train/monitor_0005.off,5,monitor
monitor/train/monitor_0006.off,5,monitor
monitor/train/monitor_0007.off,5,monitor
monitor/train/monitor_0008.off,5,monitor
monitor/train/monitor_0009.off,5,monitor
monitor/train/monitor_0010.off,5,monitor
monitor/train/monitor_0011.off,5,monitor
monitor/train/monitor_0012.off,5,monitor
monitor/train/monitor_0013.off,5,monitor
monitor/train/monitor_0014.off,5,monitor
monitor/train/monitor_0015.off,5,monitor
monitor/train/monitor_0016.off,5,monitor
monitor/train/monitor_0017.off,5,monitor
monitor/train/monitor_0018.off,5,monitor
monitor/train/monitor_0019.off,5,monitor
monitor/train/monitor_0020.off,5,monitor
monitor/train/monitor_0021.off,5,monitor
monitor/train/monitor_0022.off,5,monitor
monitor/train/monitor_0023.off,5,monitor
monitor/train/monitor_0024.off,5,monitor
monitor/train/monitor_0025.off,5,monitor
monitor/train/monitor_0026.off,5,monitor
monitor/train/monitor_0027.off,5,monitor
monitor/train/monitor_0028.off,5,monitor
monitor/train/monitor_0029.off,5,monitor
monitor/train/monitor_0030.off,5,monitor
monitor/train/monitor_0031.off,5,monitor
monitor/train/monitor_0032.off,5,monitor
monitor/train/monitor_0033.off,5,monitor
monitor/train/monitor_0034.off,5,monitor
monitor/train/monitor_0035.off,5,monitor
monitor/train/monitor_0036.off,5,monitor
monitor/train/monitor_0037.off,5,monitor
monitor/train/monitor_0038.off,5,monitor
monitor/train/monitor_0039.off,5,monitor
monitor/train/monitor_0040.off,5,monitor
monitor/train/monitor_0041.off,5,monitor
monitor/train/monitor_0042.off,5,monitor
monitor/train/monitor_0043.off,5,monitor
monitor/train/monitor_0044.off,5,monitor
monitor/train/monitor_0045.off,5,monitor
monitor/train/monitor_0046.off,5,monitor
monitor/train/monitor_0047.off,5,monitor
monitor/train/monitor_0048.off,5,monitor
monitor/train/monitor_0049.off,5,monitor
monitor/train/monitor_0050.off,5,monitor
monitor/train/monitor_0051.off,5,monitor
monitor/train/monitor_0052.off,5,monitor
monitor/train/monitor_0053.off,5,monitor
monitor/train/monitor_0054.off,5,monitor
monitor/train/monitor_0055.off,5,monitor
monitor/train/monitor_0056.off,5,monitor
monitor/train/monitor_0057.off,5,monitor
monitor/train/monitor_0058.off,5,monitor
monitor/train/monitor_0059.off,5,monitor
monitor/train/monitor_0060.off,5,monitor
monitor/train/monitor_0061.off,5,monitor
monitor/train/monitor_0062.off,5,monitor
monitor/train/monitor_0063.off,5,monitor
monitor/train/monitor_0064.off,5,monitor
monitor/train/monitor_0065.off,5,monitor
monitor/train/monitor_0066.off,5,monitor
monitor/train/monitor_0067.off,5,monitor
monitor/train/monitor_0068.off,5,monitor
monitor/train/monitor_0069.off,5,monitor
monitor/train/monitor_0070.off,5,monitor
monitor/train/monitor_0071.off,5,monitor
monitor/train/monitor_0072.off,5,monitor
monitor/train/monitor_0073.off,5,monitor
monitor/train/monitor_0074.off,5,monitor
monitor/train/monitor_0075.off,5,monitor
monitor/train/monitor_0076.off,5,monitor
monitor/train/monitor_0077.off,5,monitor
monitor/train/monitor_0078.off,5,monitor
monitor/train/monitor_0079.off,5,monitor
monitor/train/monitor_0080.off,5,monitor
monitor/train/monitor_0081.off,5,monitor
monitor/train/monitor_0082.off,5,monitor
monitor/train/monitor_0083.off,5,monitor
monitor/train/monitor_0084.off,5,monitor
monitor/train/monitor_0085.off,5,monitor
monitor/train/monitor_0086.off,5,monitor
monitor/train/monitor_0087.off,5,monitor
monitor/train/monitor_0088.off,5,monitor
monitor/train/monitor_0089.off,5,monitor
monitor/train/monitor_0090.off,5,monitor
monitor/train/monitor_0091.off,5,monitor
monitor/train/monitor_0092.off,5,monitor
monitor/train/monitor_0093.off,5,monitor
monitor/train/monitor_0094.off,5,monitor
monitor/train/monitor_0095.off,5,monitor
monitor/train/monitor_0096.off,5,monitor
monitor/train/monitor_0097.off,5,monitor
monitor/train/monitor_0098.off,5,monitor
monitor/train/monitor_0099.off,5,monitor
monitor/train/monitor_0100.off,5,monitor
monitor/train/monitor_0101.off,5,monitor
monitor/train/monitor_0102.off,5,monitor
monitor/train/monitor_0103.off,5,monitor
monitor/train/monitor_0104.off,5,monitor
monitor/train/monitor_0105.off,5,monitor
monitor/train/monitor_0106.off,5,monitor
monitor/train/monitor_0107.off,5,monitor
monitor/train/monitor_0108.off,5,monitor
monitor/train/monitor_0109.off,5,monitor
monitor/train/monitor_0110.off,5,monitor
monitor/train/monitor_0111.off,5,monitor
monitor/train/monitor_0112.off,5,monitor
monitor/train/monitor_0113.off,5,monitor
monitor/train/monitor_0114.off,5,monitor
monitor/train/monitor_0115.off,5,monitor
monitor/train/monitor_0116.off,5,monitor
monitor/train/monitor_0117.off,5,monitor
monitor/train/monitor_0118.off,5,monitor
monitor/train/monitor_0119.off,5,monitor
monitor/train/monitor_0120.off,5,monitor
monitor/train/monitor_0121.off,5,monitor
monitor/train/monitor_0122.off,5,monitor
monitor/train/monitor_0123.off,5,monitor
monitor/train/monitor_0124.off,5,monitor
monitor/train/monitor_0125.off,5,monitor
monitor/train/monitor_0126.off,5,monitor
monitor/train/monitor_0127.off,5,monitor
monitor/train/monitor_0128.off,5,monitor
monitor/train/monitor_0129.off,5,monitor
monitor/train/monitor_0130.off,5,monitor
monitor/train/monitor_0131.off,5,monitor
monitor/train/monitor_0132.off,5,monitor
monitor/train/monitor_0133.off,5,monitor
monitor/train/monitor_0134.off,5,monitor
monitor/train/monitor_0135.off,5,monitor
monitor/train/monitor_0136.off,5,monitor
monitor/train/monitor_0137.off,5,monitor
monitor/train/monitor_0138.off,5,monitor
monitor/train/monitor_0139.off,5,monitor
monitor/train/monitor_0140.off,5,monitor
monitor/train/monitor_0141.off,5,monitor
monitor/train/monitor_0142.off,5,monitor
monitor/train/monitor_0143.off,5,monitor
monitor/train/monitor_0144.off,5,monitor
monitor/train/monitor_0145.off,5,monitor
monitor/train/monitor_0146.off,5,monitor
monitor/train/monitor_0147.off,5,monitor
monitor/train/monitor_0148.off,5,monitor
monitor/train/monitor_0149.off,5,monitor
monitor/train/monitor_0150.off,5,monitor
monitor/train/monitor_0151.off,5,monitor
monitor/train/monitor_0152.off,5,monitor
monitor/train/monitor_0153.off,5,monitor
monitor/train/monitor_0154.off,5,monitor
monitor/train/monitor_0155.off,5,monitor
monitor/train/monitor_0156.off,5,monitor
monitor/train/monitor_0157.off,5,monitor
monitor/train/monitor_0158.off,5,monitor
monitor/train/monitor_0159.off,5,monitor
monitor/train/monitor_0160.off,5,monitor
monitor/train/monitor_0161.off,5,monitor
monitor/train/monitor_0162.off,5,monitor
monitor/train/monitor_0163.off,5,monitor
monitor/train/monitor_0164.off,5,monitor
monitor/train/monitor_0165.off,5,monitor
monitor/train/monitor_0166.off,5,monitor
monitor/train/monitor_0167.off,5,monitor
monitor/train/monitor_0168.off,5,monitor
monitor/train/monitor_0169.off,5,monitor
monitor/train/monitor_0170.off,5,monitor
monitor/train/monitor_0171.off,5,monitor
monitor/train/monitor_0172.off,5,monitor
monitor/train/monitor_0173.off,5,monitor
monitor/train/monitor_0174.off,5,monitor
monitor/train/monitor_0175.off,5,monitor
monitor/train/monitor_0176.off,5,monitor
monitor/train/monitor_0177.off,5,monitor
monitor/train/monitor_0178.off,5,monitor
monitor/train/monitor_0179.off,5,monitor
monitor/train/monitor_0180.off,5,monitor
monitor/train/monitor_0181.off,5,monitor
monitor/train/monitor_0182.off,5,monitor
monitor/train/monitor_0183.off,5,monitor
monitor/train/monitor_0184.off,5,monitor
monitor/train/monitor_0185.off,5,monitor
monitor/train/monitor_0186.off,5,monitor
monitor/train/monitor_0187.off,5,monitor
monitor/train/monitor_0188.off,5,monitor
monitor/train/monitor_0189.off,5,monitor
monitor/train/monitor_0190.off,5,monitor
monitor/train/monitor_0191.off,5,monitor
monitor/train/monitor_0192.off,5,monitor
monitor/train/monitor_0193.off,5,monitor
monitor/train/monitor_0194.off,5,monitor
monitor/train/monitor_0195.off,5,monitor
monitor/train/monitor_0196.off,5,monitor
monitor/train/monitor_0197.off,5,monitor
monitor/train/monitor_0198.off,5,monitor
monitor/train/monitor_0199.off,5,monitor
monitor/train/monitor_0200.off,5,monitor
monitor/train/monitor_0201.off,5,monitor
monitor/train/monitor_0202.off,5,monitor
monitor/train/monitor_0203.off,5,monitor
monitor/train/monitor_0204.off,5,monitor
monitor/train/monitor_0205.off,5,monitor
monitor/train/monitor_0206.off,5,monitor
monitor/train/monitor_0207.off,5,monitor
monitor/train/monitor_0208.off,5,monitor
monitor/train/monitor_0209.off,5,monitor
monitor/train/monitor_0210.off,5,monitor
monitor/train/monitor_0211.off,5,monitor
monitor/train/monitor_0212.off,5,monitor
monitor/train/monitor_0213.off,5,monitor
monitor/train/monitor_0214.off,5,monitor
monitor/train/monitor_0215.off,5,monitor
monitor/train/monitor_0216.off,5,monitor
monitor/train/monitor_0217.off,5,monitor
monitor/train/monitor_0218.off,5,monitor
monitor/train/monitor_0219.off,5,monitor
monitor/train/monitor_0220.off,5,monitor
monitor/train/monitor_0221.off,5,monitor
monitor/train/monitor_0222.off,5,monitor
monitor/train/monitor_0223.off,5,monitor
monitor/train/monitor_0224.off,5,monitor
monitor/train/monitor_0225.off,5,monitor
monitor/train/monitor_0226.off,5,monitor
monitor/train/monitor_0227.off,5,monitor
monitor/train/monitor_0228.off,5,monitor
monitor/train/monitor_0229.off,5,monitor
monitor/train/monitor_0230.off,5,monitor
monitor/train/monitor_0231.off,5,monitor
monitor/train/monitor_0232.off,5,monitor
monitor/train/monitor_0233.off,5,monitor
monitor/train/monitor_0234.off,5,monitor
monitor/train/monitor_0235.off,5,monitor
monitor/train/monitor_0236.off,5,monitor
monitor/train/monitor_0237.off,5,monitor
monitor/train/monitor_0238.off,5,monitor
monitor/train/monitor_0239.off,5,monitor
monitor/train/monitor_0240.off,5,monitor
monitor/train/monitor_0241.off,5,monitor
monitor/train/monitor_0242.off,5,monitor
monitor/train/monitor_0243.off,5,monitor
monitor/train/monitor_0244.off,5,monitor
monitor/train/monitor_0245.off,5,monitor
monitor/train/monitor_0246.off,5,monitor
monitor/train/monitor_0247.off,5,monitor
monitor/train/monitor_0248.off,5,monitor
monitor/train/monitor_0249.off,5,monitor
monitor/train/monitor_0250.off,5,monitor
monitor/train/monitor_0251.off,5,monitor
monitor/train/monitor_0252.off,5,monitor
monitor/train/monitor_0253.off,5,monitor
monitor/train/monitor_0254.off,5,monitor
monitor/train/monitor_0255.off,5,monitor
monitor/train/monitor_0256.off,5,monitor
monitor/train/monitor_0257.off,5,monitor
monitor/train/monitor_0258.off,5,monitor
monitor/train/monitor_0259.off,5,monitor
monitor/train/monitor_0260.off,5,monitor
monitor/train/monitor_0261.off,5,monitor
monitor/train/monitor_0262.off,5,monitor
monitor/train/monitor_0263.off,5,monitor
monitor/train/monitor_0264.off,5,monitor
monitor/train/monitor_0265.off,5,monitor
monitor/train/monitor_0266.off,5,monitor
monitor/train/monitor_0267.off,5,monitor
monitor/train/monitor_0268.off,5,monitor
monitor/train/monitor_0269.off,5,monitor
monitor/train/monitor_0270.off,5,monitor
monitor/train/monitor_0271.off,5,monitor
monitor/train/monitor_0272.off,5,monitor
monitor/train/monitor_0273.off,5,monitor
monitor/train/monitor_0274.off,5,monitor
monitor/train/monitor_0275.off,5,monitor
monitor/train/monitor_0276.off,5,monitor
monitor/train/monitor_0277.off,5,monitor
monitor/train/monitor_0278.off,5,monitor
monitor/train/monitor_0279.off,5,monitor
monitor/train/monitor_0280.off,5,monitor
monitor/train/monitor_0281.off,5,monitor
monitor/train/monitor_0282.off,5,monitor
monitor/train/monitor_0283.off,5,monitor
monitor/train/monitor_0284.off,5,monitor
monitor/train/monitor_0285.off,5,monitor
monitor/train/monitor_0286.off,5,monitor
monitor/train/monitor_0287.off,5,monitor
monitor/train/monitor_0288.off,5,monitor
monitor/train/monitor_0289.off,5,monitor
monitor/train/monitor_0290.off,5,monitor
monitor/train/monitor_0291.off,5,monitor
monitor/train/monitor_0292.off,5,monitor
monitor/train/monitor_0293.off,5,monitor
monitor/train/monitor_0294.off,5,monitor
monitor/train/monitor_0295.off,5,monitor
monitor/train/monitor_0296.off,5,monitor
monitor/train/monitor_0297.off,5,monitor
monitor/train/monitor_0298.off,5,monitor
monitor/train/monitor_0299.off,5,monitor
monitor/train/monitor_0300.off,5,monitor
monitor/train/monitor_0301.off,5,monitor
monitor/train/monitor_0302.off,5,monitor
monitor/train/monitor_0303.off,5,monitor
monitor/train/monitor_0304.off,5,monitor
monitor/train/monitor_0305.off,5,monitor
monitor/train/monitor_0306.off,5,monitor
monitor/train/monitor_0307.off,5,monitor
monitor/train/monitor_0308.off,5,monitor
monitor/train/monitor_0309.off,5,monitor
monitor/train/monitor_0310.off,5,monitor
monitor/train/monitor_0311.off,5,monitor
monitor/train/monitor_0312.off,5,monitor
monitor/train/monitor_0313.off,5,monitor
monitor/train/monitor_0314.off,5,monitor
monitor/train/monitor_0315.off,5,monitor
monitor/train/monitor_0316.off,5,monitor
monitor/train/monitor_0317.off,5,monitor
monitor/train/monitor_0318.off,5,monitor
monitor/train/monitor_0319.off,5,monitor
monitor/train/monitor_0320.off,5,monitor
monitor/train/monitor_0321.off,5,monitor
monitor/train/monitor_0322.off,5,monitor
monitor/train/monitor_0323.off,5,monitor
monitor/train/monitor_0324.off,5,monitor
monitor/train/monitor_0325.off,5,monitor
monitor/train/monitor_0326.off,5,monitor
monitor/train/monitor_0327.off,5,monitor
monitor/train/monitor_0328.off,5,monitor
monitor/train/monitor_0329.off,5,monitor
monitor/train/monitor_0330.off,5,monitor
monitor/train/monitor_0331.off,5,monitor
monitor/train/monitor_0332.off,5,monitor
monitor/train/monitor_0333.off,5,monitor
monitor/train/monitor_0334.off,5,monitor
monitor/train/monitor_0335.off,5,monitor
monitor/train/monitor_0336.off,5,monitor
monitor/train/monitor_0337.off,5,monitor
monitor/train/monitor_0338.off,5,monitor
monitor/train/monitor_0339.off,5,monitor
monitor/train/monitor_0340.off,5,monitor
monitor/train/monitor_0341.off,5,monitor
monitor/train/monitor_0342.off,5,monitor
monitor/train/monitor_0343.off,5,monitor
monitor/train/monitor_0344.off,5,monitor
monitor/train/monitor_0345.off,5,monitor
monitor/train/monitor_0346.off,5,monitor
monitor/train/monitor_0347.off,5,monitor
monitor/train/monitor_0348.off,5,monitor
monitor/train/monitor_0349.off,5,monitor
monitor/train/monitor_0350.off,5,monitor
monitor/train/monitor_0351.off,5,monitor
monitor/train/monitor_0352.off,5,monitor
monitor/train/monitor_0353.off,5,monitor
monitor/train/monitor_0354.off,5,monitor
monitor/train/monitor_0355.off,5,monitor
monitor/train/monitor_0356.off,5,monitor
monitor/train/monitor_0357.off,5,monitor
monitor/train/monitor_0358.off,5,monitor
monitor/train/monitor_0359.off,5,monitor
monitor/train/monitor_0360.off,5,monitor
monitor/train/monitor_0361.off,5,monitor
monitor/train/monitor_0362.off,5,monitor
monitor/train/monitor_0363.off,5,monitor
monitor/train/monitor_0364.off,5,monitor
monitor/train/monitor_0365.off,5,monitor
monitor/train/monitor_0366.off,5,monitor
monitor/train/monitor_0367.off,5,monitor
monitor/train/monitor_0368.off,5,monitor
monitor/train/monitor_0369.off,5,monitor
monitor/train/monitor_0370.off,5,monitor
monitor/train/monitor_0371.off,5,monitor
monitor/train/monitor_0372.off,5,monitor
monitor/train/monitor_0373.off,5,monitor
monitor/train/monitor_0374.off,5,monitor
monitor/train/monitor_0375.off,5,monitor
monitor/train/monitor_0376.off,5,monitor
monitor/train/monitor_0377.off,5,monitor
monitor/train/monitor_0378.off,5,monitor
monitor/train/monitor_0379.off,5,monitor
monitor/train/monitor_0380.off,5,monitor
monitor/train/monitor_0381.off,5,monitor
monitor/train/monitor_0382.off,5,monitor
monitor/train/monitor_0383.off,5,monitor
monitor/train/monitor_0384.off,5,monitor
monitor/train/monitor_0385.off,5,monitor
monitor/train/monitor_0386.off,5,monitor
monitor/train/monitor_0387.off,5,monitor
monitor/train/monitor_0388.off,5,monitor
monitor/train/monitor_0389.off,5,monitor
monitor/train/monitor_0390.off,5,monitor
monitor/train/monitor_0391.off,5,monitor
monitor/train/monitor_0392.off,5,monitor
monitor/train/monitor_0393.off,5,monitor
monitor/train/monitor_0394.off,5,monitor
monitor/train/monitor_0395.off,5,monitor
monitor/train/monitor_0396.off,5,monitor
monitor/train/monitor_0397.off,5,monitor
monitor/train/monitor_0398.off,5,monitor
monitor/train/monitor_0399.off,5,monitor
monitor/train/monitor_0400.off,5,monitor
monitor/train/monitor_0401.off,5,monitor
monitor/train/monitor_0402.off,5,monitor
monitor/train/monitor_0403.off,5,monitor
monitor/train/monitor_0404.off,5,monitor
monitor/train/monitor_0405.off,5,monitor
monitor/train/monitor_0406.off,5,monitor
monitor/train/monitor_0407.off,5,monitor
monitor/train/monitor_0408.off,5,monitor
monitor/train/monitor_0409.off,5,monitor
monitor/train/monitor_0410.off,5,monitor
monitor/train/monitor_0411.off,5,monitor
monitor/train/monitor_0412.off,5,monitor
monitor/train/monitor_0413.off,5,monitor
monitor/train/monitor_0414.off,5,monitor
monitor/train/monitor_0415.off,5,monitor
monitor/train/monitor_0416.off,5,monitor
monitor/train/monitor_0417.off,5,monitor
monitor/train/monitor_0418.off,5,monitor
monitor/train/monitor_0419.off,5,monitor
monitor/train/monitor_0420.off,5,monitor
monitor/train/monitor_0421.off,5,monitor
monitor/train/monitor_0422.off,5,monitor
monitor/train/monitor_0423.off,5,monitor
monitor/train/monitor_0424.off,5,monitor
monitor/train/monitor_0425.off,5,monitor
monitor/train/monitor_0426.off,5,monitor
monitor/train/monitor_0427.off,5,monitor
monitor/train/monitor_0428.off,5,monitor
monitor/train/monitor_0429.off,5,monitor
monitor/train/monitor_0430.off,5,monitor
monitor/train/monitor_0431.off,5,monitor
monitor/train/monitor_0432.off,5,monitor
monitor/train/monitor_0433.off,5,monitor
monitor/train/monitor_0434.off,5,monitor
monitor/train/monitor_0435.off,5,monitor
monitor/train/monitor_0436.off,5,monitor
monitor/train/monitor_0437.off,5,monitor
monitor/train/monitor_0438.off,5,monitor
monitor/train/monitor_0439.off,5,monitor
monitor/train/monitor_0440.off,5,monitor
monitor/train/monitor_0441.off,5,monitor
monitor/train/monitor_0442.off,5,monitor
monitor/train/monitor_0443.off,5,monitor
monitor/train/monitor_0444.off,5,monitor
monitor/train/monitor_0445.off,5,monitor
monitor/train/monitor_0446.off,5,monitor
monitor/train/monitor_0447.off,5,monitor
monitor/train/monitor_0448.off,5,monitor
monitor/train/monitor_0449.off,5,monitor
monitor/train/monitor_0450.off,5,monitor
monitor/train/monitor_0451.off,5,monitor
monitor/train/monitor_0452.off,5,monitor
monitor/train/monitor_0453.off,5,monitor
monitor/train/monitor_0454.off,5,monitor
monitor/train/monitor_0455.off,5,monitor
monitor/train/monitor_0456.off,5,monitor
monitor/train/monitor_0457.off,5,monitor
monitor/train/monitor_0458.off,5,monitor
monitor/train/monitor_0459.off,5,monitor
monitor/train/monitor_0460.off,5,monitor
monitor/train/monitor_0461.off,5,monitor
monitor/train/monitor_0462.off,5,monitor
monitor/train/monitor_0463.off,5,monitor
monitor/train/monitor_0464.off,5,monitor
monitor/train/monitor_0465.off,5,monitor
night_stand/train/night_stand_0001.off,6,night_stand
night_stand/train/night_stand_0002.off,6,night_stand
night_stand/train/night_stand_0003.off,6,night_stand
night_stand/train/night_stand_0004.off,6,night_stand
night_stand/train/night_stand_0005.off,6,night_stand
night_stand/train/night_stand_0006.off,6,night_stand
night_stand/train/night_stand_0007.off,6,night_stand
night_stand/train/night_stand_0008.off,6,night_stand
night_stand/train/night_stand_0009.off,6,night_stand
night_stand/train/night_stand_0010.off,6,night_stand
night_stand/train/night_stand_0011.off,6,night_stand
night_stand/train/night_stand_0012.off,6,night_stand
night_stand/train/night_stand_0013.off,6,night_stand
night_stand/train/night_stand_0014.off,6,night_stand
night_stand/train/night_stand_0015.off,6,night_stand
night_stand/train/night_stand_0016.off,6,night_stand
night_stand/train/night_stand_0017.off,6,night_stand
night_stand/train/night_stand_0018.off,6,night_stand
night_stand/train/night_stand_0019.off,6,night_stand
night_stand/train/night_stand_0020.off,6,night_stand
night_stand/train/night_stand_0021.off,6,night_stand
night_stand/train/night_stand_0022.off,6,night_stand
night_stand/train/night_stand_0023.off,6,night_stand
night_stand/train/night_stand_0024.off,6,night_stand
night_stand/train/night_stand_0025.off,6,night_stand
night_stand/train/night_stand_0026.off,6,night_stand
night_stand/train/night_stand_0027.off,6,night_stand
night_stand/train/night_stand_0028.off,6,night_stand
night_stand/train/night_stand_0029.off,6,night_stand
night_stand/train/night_stand_0030.off,6,night_stand
night_stand/train/night_stand_0031.off,6,night_stand
night_stand/train/night_stand_0032.off,6,night_stand
night_stand/train/night_stand_0033.off,6,night_stand
night_stand/train/night_stand_0034.off,6,night_stand
night_stand/train/night_stand_0035.off,6,night_stand
night_stand/train/night_stand_0036.off,6,night_stand
night_stand/train/night_stand_0037.off,6,night_stand
night_stand/train/night_stand_0038.off,6,night_stand
night_stand/train/night_stand_0039.off,6,night_stand
night_stand/train/night_stand_0040.off,6,night_stand
night_stand/train/night_stand_0041.off,6,night_stand
night_stand/train/night_stand_0042.off,6,night_stand
night_stand/train/night_stand_0043.off,6,night_stand
night_stand/train/night_stand_0044.off,6,night_stand
night_stand/train/night_stand_0045.off,6,night_stand
night_stand/train/night_stand_0046.off,6,night_stand
night_stand/train/night_stand_0047.off,6,night_stand
night_stand/train/night_stand_0048.off,6,night_stand
night_stand/train/night_stand_0049.off,6,night_stand
night_stand/train/night_stand_0050.off,6,night_stand
night_stand/train/night_stand_0051.off,6,night_stand
night_stand/train/night_stand_0052.off,6,night_stand
night_stand/train/night_stand_0053.off,6,night_stand
night_stand/train/night_stand_0054.off,6,night_stand
night_stand/train/night_stand_0055.off,6,night_stand
night_stand/train/night_stand_0056.off,6,night_stand
night_stand/train/night_stand_0057.off,6,night_stand
night_stand/train/night_stand_0058.off,6,night_stand
night_stand/train/night_stand_0059.off,6,night_stand
night_stand/train/night_stand_0060.off,6,night_stand
night_stand/train/night_stand_0061.off,6,night_stand
night_stand/train/night_stand_0062.off,6,night_stand
night_stand/train/night_stand_0063.off,6,night_stand
night_stand/train/night_stand_0064.off,6,night_stand
night_stand/train/night_stand_0065.off,6,night_stand
night_stand/train/night_stand_0066.off,6,night_stand
night_stand/train/night_stand_0067.off,6,night_stand
night_stand/train/night_stand_0068.off,6,night_stand
night_stand/train/night_stand_0069.off,6,night_stand
night_stand/train/night_stand_0070.off,6,night_stand
night_stand/train/night_stand_0071.off,6,night_stand
night_stand/train/night_stand_0072.off,6,night_stand
night_stand/train/night_stand_0073.off,6,night_stand
night_stand/train/night_stand_0074.off,6,night_stand
night_stand/train/night_stand_0075.off,6,night_stand
night_stand/train/night_stand_0076.off,6,night_stand
night_stand/train/night_stand_0077.off,6,night_stand
night_stand/train/night_stand_0078.off,6,night_stand
night_stand/train/night_stand_0079.off,6,night_stand
night_stand/train/night_stand_0080.off,6,night_stand
night_stand/train/night_stand_0081.off,6,night_stand
night_stand/train/night_stand_0082.off,6,night_stand
night_stand/train/night_stand_0083.off,6,night_stand
night_stand/train/night_stand_0084.off,6,night_stand
night_stand/train/night_stand_0085.off,6,night_stand
night_stand/train/night_stand_0086.off,6,night_stand
night_stand/train/night_stand_0087.off,6,night_stand
night_stand/train/night_stand_0088.off,6,night_stand
night_stand/train/night_stand_0089.off,6,night_stand
night_stand/train/night_stand_0090.off,6,night_stand
night_stand/train/night_stand_0091.off,6,night_stand
night_stand/train/night_stand_0092.off,6,night_stand
night_stand/train/night_stand_0093.off,6,night_stand
night_stand/train/night_stand_0094.off,6,night_stand
night_stand/train/night_stand_0095.off,6,night_stand
night_stand/train/night_stand_0096.off,6,night_stand
night_stand/train/night_stand_0097.off,6,night_stand
night_stand/train/night_stand_0098.off,6,night_stand
night_stand/train/night_stand_0099.off,6,night_stand
night_stand/train/night_stand_0100.off,6,night_stand
night_stand/train/night_stand_0101.off,6,night_stand
night_stand/train/night_stand_0102.off,6,night_stand
night_stand/train/night_stand_0103.off,6,night_stand
night_stand/train/night_stand_0104.off,6,night_stand
night_stand/train/night_stand_0105.off,6,night_stand
night_stand/train/night_stand_0106.off,6,night_stand
night_stand/train/night_stand_0107.off,6,night_stand
night_stand/train/night_stand_0108.off,6,night_stand
night_stand/train/night_stand_0109.off,6,night_stand
night_stand/train/night_stand_0110.off,6,night_stand
night_stand/train/night_stand_0111.off,6,night_stand
night_stand/train/night_stand_0112.off,6,night_stand
night_stand/train/night_stand_0113.off,6,night_stand
night_stand/train/night_stand_0114.off,6,night_stand
night_stand/train/night_stand_0115.off,6,night_stand
night_stand/train/night_stand_0116.off,6,night_stand
night_stand/train/night_stand_0117.off,6,night_stand
night_stand/train/night_stand_0118.off,6,night_stand
night_stand/train/night_stand_0119.off,6,night_stand
night_stand/train/night_stand_0120.off,6,night_stand
night_stand/train/night_stand_0121.off,6,night_stand
night_stand/train/night_stand_0122.off,6,night_stand
night_stand/train/night_stand_0123.off,6,night_stand
night_stand/train/night_stand_0124.off,6,night_stand
night_stand/train/night_stand_0125.off,6,night_stand
night_stand/train/night_stand_0126.off,6,night_stand
night_stand/train/night_stand_0127.off,6,night_stand
night_stand/train/night_stand_0128.off,6,night_stand
night_stand/train/night_stand_0129.off,6,night_stand
night_stand/train/night_stand_0130.off,6,night_stand
night_stand/train/night_stand_0131.off,6,night_stand
night_stand/train/night_stand_0132.off,6,night_stand
night_stand/train/night_stand_0133.off,6,night_stand
night_stand/train/night_stand_0134.off,6,night_stand
night_stand/train/night_stand_0135.off,6,night_stand
night_stand/train/night_stand_0136.off,6,night_stand
night_stand/train/night_stand_0137.off,6,night_stand
night_stand/train/night_stand_0138.off,6,night_stand
night_stand/train/night_stand_0139.off,6,night_stand
night_stand/train/night_stand_0140.off,6,night_stand
night_stand/train/night_stand_0141.off,6,night_stand
night_stand/train/night_stand_0142.off,6,night_stand
night_stand/train/night_stand_0143.off,6,night_stand
night_stand/train/night_stand_0144.off,6,night_stand
night_stand/train/night_stand_0145.off,6,night_stand
night_stand/train/night_stand_0146.off,6,night_stand
night_stand/train/night_stand_0147.off,6,night_stand
night_stand/train/night_stand_0148.off,6,night_stand
night_stand/train/night_stand_0149.off,6,night_stand
night_stand/train/night_stand_0150.off,6,night_stand
night_stand/train/night_stand_0151.off,6,night_stand
night_stand/train/night_stand_0152.off,6,night_stand
night_stand/train/night_stand_0153.off,6,night_stand
night_stand/train/night_stand_0154.off,6,night_stand
night_stand/train/night_stand_0155.off,6,night_stand
night_stand/train/night_stand_0156.off,6,night_stand
night_stand/train/night_stand_0157.off,6,night_stand
night_stand/train/night_stand_0158.off,6,night_stand
night_stand/train/night_stand_0159.off,6,night_stand
night_stand/train/night_stand_0160.off,6,night_stand
night_stand/train/night_stand_0161.off,6,night_stand
night_stand/train/night_stand_0162.off,6,night_stand
night_stand/train/night_stand_0163.off,6,night_stand
night_stand/train/night_stand_0164.off,6,night_stand
night_stand/train/night_stand_0165.off,6,night_stand
night_stand/train/night_stand_0166.off,6,night_stand
night_stand/train/night_stand_0167.off,6,night_stand
night_stand/train/night_stand_0168.off,6,night_stand
night_stand/train/night_stand_0169.off,6,night_stand
night_stand/train/night_stand_0170.off,6,night_stand
night_stand/train/night_stand_0171.off,6,night_stand
night_stand/train/night_stand_0172.off,6,night_stand
night_stand/train/night_stand_0173.off,6,night_stand
night_stand/train/night_stand_0174.off,6,night_stand
night_stand/train/night_stand_0175.off,6,night_stand
night_stand/train/night_stand_0176.off,6,night_stand
night_stand/train/night_stand_0177.off,6,night_stand
night_stand/train/night_stand_0178.off,6,night_stand
night_stand/train/night_stand_0179.off,6,night_stand
night_stand/train/night_stand_0180.off,6,night_stand
night_stand/train/night_stand_0181.off,6,night_stand
night_stand/train/night_stand_0182.off,6,night_stand
night_stand/train/night_stand_0183.off,6,night_stand
night_stand/train/night_stand_0184.off,6,night_stand
night_stand/train/night_stand_0185.off,6,night_stand
night_stand/train/night_stand_0186.off,6,night_stand
night_stand/train/night_stand_0187.off,6,night_stand
night_stand/train/night_stand_0188.off,6,night_stand
night_stand/train/night_stand_0189.off,6,night_stand
night_stand/train/night_stand_0190.off,6,night_stand
night_stand/train/night_stand_0191.off,6,night_stand
night_stand/train/night_stand_0192.off,6,night_stand
night_stand/train/night_stand_0193.off,6,night_stand
night_stand/train/night_stand_0194.off,6,night_stand
night_stand/train/night_stand_0195.off,6,night_stand
night_stand/train/night_stand_0196.off,6,night_stand
night_stand/train/night_stand_0197.off,6,night_stand
night_stand/train/night_stand_0198.off,6,night_stand
night_stand/train/night_stand_0199.off,6,night_stand
night_stand/train/night_stand_0200.off,6,night_stand
sofa/train/sofa_0001.off,7,sofa
sofa/train/sofa_0002.off,7,sofa
sofa/train/sofa_0003.off,7,sofa
sofa/train/sofa_0004.off,7,sofa
sofa/train/sofa_0005.off,7,sofa
sofa/train/sofa_0006.off,7,sofa
sofa/train/sofa_0007.off,7,sofa
sofa/train/sofa_0008.off,7,sofa
sofa/train/sofa_0009.off,7,sofa
sofa/train/sofa_0010.off,7,sofa
sofa/train/sofa_0011.off,7,sofa
sofa/train/sofa_0012.off,7,sofa
sofa/train/sofa_0013.off,7,sofa
sofa/train/sofa_0014.off,7,sofa
sofa/train/sofa_0015.off,7,sofa
sofa/train/sofa_0016.off,7,sofa
sofa/train/sofa_0017.off,7,sofa
sofa/train/sofa_0018.off,7,sofa
sofa/train/sofa_0019.off,7,sofa
sofa/train/sofa_0020.off,7,sofa
sofa/train/sofa_0021.off,7,sofa
sofa/train/sofa_0022.off,7,sofa
sofa/train/sofa_0023.off,7,sofa
sofa/train/sofa_0024.off,7,sofa
sofa/train/sofa_0025.off,7,sofa
sofa/train/sofa_0026.off,7,sofa
sofa/train/sofa_0027.off,7,sofa
sofa/train/sofa_0028.off,7,sofa
sofa/train/sofa_0029.off,7,sofa
sofa/train/sofa_0030.off,7,sofa
sofa/train/sofa_0031.off,7,sofa
sofa/train/sofa_0032.off,7,sofa
sofa/train/sofa_0033.off,7,sofa
sofa/train/sofa_0034.off,7,sofa
sofa/train/sofa_0035.off,7,sofa
sofa/train/sofa_0036.off,7,sofa
sofa/train/sofa_0037.off,7,sofa
sofa/train/sofa_0038.off,7,sofa
sofa/train/sofa_0039.off,7,sofa
sofa/train/sofa_0040.off,7,sofa
sofa/train/sofa_0041.off,7,sofa
sofa/train/sofa_0042.off,7,sofa
sofa/train/sofa_0043.off,7,sofa
sofa/train/sofa_0044.off,7,sofa
sofa/train/sofa_0045.off,7,sofa
sofa/train/sofa_0046.off,7,sofa
sofa/train/sofa_0047.off,7,sofa
sofa/train/sofa_0048.off,7,sofa
sofa/train/sofa_0049.off,7,sofa
sofa/train/sofa_0050.off,7,sofa
sofa/train/sofa_0051.off,7,sofa
sofa/train/sofa_0052.off,7,sofa
sofa/train/sofa_0053.off,7,sofa
sofa/train/sofa_0054.off,7,sofa
sofa/train/sofa_0055.off,7,sofa
sofa/train/sofa_0056.off,7,sofa
sofa/train/sofa_0057.off,7,sofa
sofa/train/sofa_0058.off,7,sofa
sofa/train/sofa_0059.off,7,sofa
sofa/train/sofa_0060.off,7,sofa
sofa/train/sofa_0061.off,7,sofa
sofa/train/sofa_0062.off,7,sofa
sofa/train/sofa_0063.off,7,sofa
sofa/train/sofa_0064.off,7,sofa
sofa/train/sofa_0065.off,7,sofa
sofa/train/sofa_0066.off,7,sofa
sofa/train/sofa_0067.off,7,sofa
sofa/train/sofa_0068.off,7,sofa
sofa/train/sofa_0069.off,7,sofa
sofa/train/sofa_0070.off,7,sofa
sofa/train/sofa_0071.off,7,sofa
sofa/train/sofa_0072.off,7,sofa
sofa/train/sofa_0073.off,7,sofa
sofa/train/sofa_0074.off,7,sofa
sofa/train/sofa_0075.off,7,sofa
sofa/train/sofa_0076.off,7,sofa
sofa/train/sofa_0077.off,7,sofa
sofa/train/sofa_0078.off,7,sofa
sofa/train/sofa_0079.off,7,sofa
sofa/train/sofa_0080.off,7,sofa
sofa/train/sofa_0081.off,7,sofa
sofa/train/sofa_0082.off,7,sofa
sofa/train/sofa_0083.off,7,sofa
sofa/train/sofa_0084.off,7,sofa
sofa/train/sofa_0085.off,7,sofa
sofa/train/sofa_0086.off,7,sofa
sofa/train/sofa_0087.off,7,sofa
sofa/train/sofa_0088.off,7,sofa
sofa/train/sofa_0089.off,7,sofa
sofa/train/sofa_0090.off,7,sofa
sofa/train/sofa_0091.off,7,sofa
sofa/train/sofa_0092.off,7,sofa
sofa/train/sofa_0093.off,7,sofa
sofa/train/sofa_0094.off,7,sofa
sofa/train/sofa_0095.off,7,sofa
sofa/train/sofa_0096.off,7,sofa
sofa/train/sofa_0097.off,7,sofa
sofa/train/sofa_0098.off,7,sofa
sofa/train/sofa_0099.off,7,sofa
sofa/train/sofa_0100.off,7,sofa
sofa/train/sofa_0101.off,7,sofa
sofa/train/sofa_0102.off,7,sofa
sofa/train/sofa_0103.off,7,sofa
sofa/train/sofa_0104.off,7,sofa
sofa/train/sofa_0105.off,7,sofa
sofa/train/sofa_0106.off,7,sofa
sofa/train/sofa_0107.off,7,sofa
sofa/train/sofa_0108.off,7,sofa
sofa/train/sofa_0109.off,7,sofa
sofa/train/sofa_0110.off,7,sofa
sofa/train/sofa_0111.off,7,sofa
sofa/train/sofa_0112.off,7,sofa
sofa/train/sofa_0113.off,7,sofa
sofa/train/sofa_0114.off,7,sofa
sofa/train/sofa_0115.off,7,sofa
sofa/train/sofa_0116.off,7,sofa
sofa/train/sofa_0117.off,7,sofa
sofa/train/sofa_0118.off,7,sofa
sofa/train/sofa_0119.off,7,sofa
sofa/train/sofa_0120.off,7,sofa
sofa/train/sofa_0121.off,7,sofa
sofa/train/sofa_0122.off,7,sofa
sofa/train/sofa_0123.off,7,sofa
sofa/train/sofa_0124.off,7,sofa
sofa/train/sofa_0125.off,7,sofa
sofa/train/sofa_0126.off,7,sofa
sofa/train/sofa_0127.off,7,sofa
sofa/train/sofa_0128.off,7,sofa
sofa/train/sofa_0129.off,7,sofa
sofa/train/sofa_0130.off,7,sofa
sofa/train/sofa_0131.off,7,sofa
sofa/train/sofa_0132.off,7,sofa
sofa/train/sofa_0133.off,7,sofa
sofa/train/sofa_0134.off,7,sofa
sofa/train/sofa_0135.off,7,sofa
sofa/train/sofa_0136.off,7,sofa
sofa/train/sofa_0137.off,7,sofa
sofa/train/sofa_0138.off,7,sofa
sofa/train/sofa_0139.off,7,sofa
sofa/train/sofa_0140.off,7,sofa
sofa/train/sofa_0141.off,7,sofa
sofa/train/sofa_0142.off,7,sofa
sofa/train/sofa_0143.off,7,sofa
sofa/train/sofa_0144.off,7,sofa
sofa/train/sofa_0145.off,7,sofa
sofa/train/sofa_0146.off,7,sofa
sofa/train/sofa_0147.off,7,sofa
sofa/train/sofa_0148.off,7,sofa
sofa/train/sofa_0149.off,7,sofa
sofa/train/sofa_0150.off,7,sofa
sofa/train/sofa_0151.off,7,sofa
sofa/train/sofa_0152.off,7,sofa
sofa/train/sofa_0153.off,7,sofa
sofa/train/sofa_0154.off,7,sofa
sofa/train/sofa_0155.off,7,sofa
sofa/train/sofa_0156.off,7,sofa
sofa/train/sofa_0157.off,7,sofa
sofa/train/sofa_0158.off,7,sofa
sofa/train/sofa_0159.off,7,sofa
sofa/train/sofa_0160.off,7,sofa
sofa/train/sofa_0161.off,7,sofa
sofa/train/sofa_0162.off,7,sofa
sofa/train/sofa_0163.off,7,sofa
sofa/train/sofa_0164.off,7,sofa
sofa/train/sofa_0165.off,7,sofa
sofa/train/sofa_0166.off,7,sofa
sofa/train/sofa_0167.off,7,sofa
sofa/train/sofa_0168.off,7,sofa
sofa/train/sofa_0169.off,7,sofa
sofa/train/sofa_0170.off,7,sofa
sofa/train/sofa_0171.off,7,sofa
sofa/train/sofa_0172.off,7,sofa
sofa/train/sofa_0173.off,7,sofa
sofa/train/sofa_0174.off,7,sofa
sofa/train/sofa_0175.off,7,sofa
sofa/train/sofa_0176.off,7,sofa
sofa/train/sofa_0177.off,7,sofa
sofa/train/sofa_0178.off,7,sofa
sofa/train/sofa_0179.off,7,sofa
sofa/train/sofa_0180.off,7,sofa
sofa/train/sofa_0181.off,7,sofa
sofa/train/sofa_0182.off,7,sofa
sofa/train/sofa_0183.off,7,sofa
sofa/train/sofa_0184.off,7,sofa
sofa/train/sofa_0185.off,7,sofa
sofa/train/sofa_0186.off,7,sofa
sofa/train/sofa_0187.off,7,sofa
sofa/train/sofa_0188.off,7,sofa
sofa/train/sofa_0189.off,7,sofa
sofa/train/sofa_0190.off,7,sofa
sofa/train/sofa_0191.off,7,sofa
sofa/train/sofa_0192.off,7,sofa
sofa/train/sofa_0193.off,7,sofa
sofa/train/sofa_0194.off,7,sofa
sofa/train/sofa_0195.off,7,sofa
sofa/train/sofa_0196.off,7,sofa
sofa/train/sofa_0197.off,7,sofa
sofa/train/sofa_0198.off,7,sofa
sofa/train/sofa_0199.off,7,sofa
sofa/train/sofa_0200.off,7,sofa
sofa/train/sofa_0201.off,7,sofa
sofa/train/sofa_0202.off,7,sofa
sofa/train/sofa_0203.off,7,sofa
sofa/train/sofa_0204.off,7,sofa
sofa/train/sofa_0205.off,7,sofa
sofa/train/sofa_0206.off,7,sofa
sofa/train/sofa_0207.off,7,sofa
sofa/train/sofa_0208.off,7,sofa
sofa/train/sofa_0209.off,7,sofa
sofa/train/sofa_0210.off,7,sofa
sofa/train/sofa_0211.off,7,sofa
sofa/train/sofa_0212.off,7,sofa
sofa/train/sofa_0213.off,7,sofa
sofa/train/sofa_0214.off,7,sofa
sofa/train/sofa_0215.off,7,sofa
sofa/train/sofa_0216.off,7,sofa
sofa/train/sofa_0217.off,7,sofa
sofa/train/sofa_0218.off,7,sofa
sofa/train/sofa_0219.off,7,sofa
sofa/train/sofa_0220.off,7,sofa
sofa/train/sofa_0221.off,7,sofa
sofa/train/sofa_0222.off,7,sofa
sofa/train/sofa_0223.off,7,sofa
sofa/train/sofa_0224.off,7,sofa
sofa/train/sofa_0225.off,7,sofa
sofa/train/sofa_0226.off,7,sofa
sofa/train/sofa_0227.off,7,sofa
sofa/train/sofa_0228.off,7,sofa
sofa/train/sofa_0229.off,7,sofa
sofa/train/sofa_0230.off,7,sofa
sofa/train/sofa_0231.off,7,sofa
sofa/train/sofa_0232.off,7,sofa
sofa/train/sofa_0233.off,7,sofa
sofa/train/sofa_0234.off,7,sofa
sofa/train/sofa_0235.off,7,sofa
sofa/train/sofa_0236.off,7,sofa
sofa/train/sofa_0237.off,7,sofa
sofa/train/sofa_0238.off,7,sofa
sofa/train/sofa_0239.off,7,sofa
sofa/train/sofa_0240.off,7,sofa
sofa/train/sofa_0241.off,7,sofa
sofa/train/sofa_0242.off,7,sofa
sofa/train/sofa_0243.off,7,sofa
sofa/train/sofa_0244.off,7,sofa
sofa/train/sofa_0245.off,7,sofa
sofa/train/sofa_0246.off,7,sofa
sofa/train/sofa_0247.off,7,sofa
sofa/train/sofa_0248.off,7,sofa
sofa/train/sofa_0249.off,7,sofa
sofa/train/sofa_0250.off,7,sofa
sofa/train/sofa_0251.off,7,sofa
sofa/train/sofa_0252.off,7,sofa
sofa/train/sofa_0253.off,7,sofa
sofa/train/sofa_0254.off,7,sofa
sofa/train/sofa_0255.off,7,sofa
sofa/train/sofa_0256.off,7,sofa
sofa/train/sofa_0257.off,7,sofa
sofa/train/sofa_0258.off,7,sofa
sofa/train/sofa_0259.off,7,sofa
sofa/train/sofa_0260.off,7,sofa
sofa/train/sofa_0261.off,7,sofa
sofa/train/sofa_0262.off,7,sofa
sofa/train/sofa_0263.off,7,sofa
sofa/train/sofa_0264.off,7,sofa
sofa/train/sofa_0265.off,7,sofa
sofa/train/sofa_0266.off,7,sofa
sofa/train/sofa_0267.off,7,sofa
sofa/train/sofa_0268.off,7,sofa
sofa/train/sofa_0269.off,7,sofa
sofa/train/sofa_0270.off,7,sofa
sofa/train/sofa_0271.off,7,sofa
sofa/train/sofa_0272.off,7,sofa
sofa/train/sofa_0273.off,7,sofa
sofa/train/sofa_0274.off,7,sofa
sofa/train/sofa_0275.off,7,sofa
sofa/train/sofa_0276.off,7,sofa
sofa/train/sofa_0277.off,7,sofa
sofa/train/sofa_0278.off,7,sofa
sofa/train/sofa_0279.off,7,sofa
sofa/train/sofa_0280.off,7,sofa
sofa/train/sofa_0281.off,7,sofa
sofa/train/sofa_0282.off,7,sofa
sofa/train/sofa_0283.off,7,sofa
sofa/train/sofa_0284.off,7,sofa
sofa/train/sofa_0285.off,7,sofa
sofa/train/sofa_0286.off,7,sofa
sofa/train/sofa_0287.off,7,sofa
sofa/train/sofa_0288.off,7,sofa
sofa/train/sofa_0289.off,7,sofa
sofa/train/sofa_0290.off,7,sofa
sofa/train/sofa_0291.off,7,sofa
sofa/train/sofa_0292.off,7,sofa
sofa/train/sofa_0293.off,7,sofa
sofa/train/sofa_0294.off,7,sofa
sofa/train/sofa_0295.off,7,sofa
sofa/train/sofa_0296.off,7,sofa
sofa/train/sofa_0297.off,7,sofa
sofa/train/sofa_0298.off,7,sofa
sofa/train/sofa_0299.off,7,sofa
sofa/train/sofa_0300.off,7,sofa
sofa/train/sofa_0301.off,7,sofa
sofa/train/sofa_0302.off,7,sofa
sofa/train/sofa_0303.off,7,sofa
sofa/train/sofa_0304.off,7,sofa
sofa/train/sofa_0305.off,7,sofa
sofa/train/sofa_0306.off,7,sofa
sofa/train/sofa_0307.off,7,sofa
sofa/train/sofa_0308.off,7,sofa
sofa/train/sofa_0309.off,7,sofa
sofa/train/sofa_0310.off,7,sofa
sofa/train/sofa_0311.off,7,sofa
sofa/train/sofa_0312.off,7,sofa
sofa/train/sofa_0313.off,7,sofa
sofa/train/sofa_0314.off,7,sofa
sofa/train/sofa_0315.off,7,sofa
sofa/train/sofa_0316.off,7,sofa
sofa/train/sofa_0317.off,7,sofa
sofa/train/sofa_0318.off,7,sofa
sofa/train/sofa_0319.off,7,sofa
sofa/train/sofa_0320.off,7,sofa
sofa/train/sofa_0321.off,7,sofa
sofa/train/sofa_0322.off,7,sofa
sofa/train/sofa_0323.off,7,sofa
sofa/train/sofa_0324.off,7,sofa
sofa/train/sofa_0325.off,7,sofa
sofa/train/sofa_0326.off,7,sofa
sofa/train/sofa_0327.off,7,sofa
sofa/train/sofa_0328.off,7,sofa
sofa/train/sofa_0329.off,7,sofa
sofa/train/sofa_0330.off,7,sofa
sofa/train/sofa_0331.off,7,sofa
sofa/train/sofa_0332.off,7,sofa
sofa/train/sofa_0333.off,7,sofa
sofa/train/sofa_0334.off,7,sofa
sofa/train/sofa_0335.off,7,sofa
sofa/train/sofa_0336.off,7,sofa
sofa/train/sofa_0337.off,7,sofa
sofa/train/sofa_0338.off,7,sofa
sofa/train/sofa_0339.off,7,sofa
sofa/train/sofa_0340.off,7,sofa
sofa/train/sofa_0341.off,7,sofa
sofa/train/sofa_0342.off,7,sofa
sofa/train/sofa_0343.off,7,sofa
sofa/train/sofa_0344.off,7,sofa
sofa/train/sofa_0345.off,7,sofa
sofa/train/sofa_0346.off,7,sofa
sofa/train/sofa_0347.off,7,sofa
sofa/train/sofa_0348.off,7,sofa
sofa/train/sofa_0349.off,7,sofa
sofa/train/sofa_0350.off,7,sofa
sofa/train/sofa_0351.off,7,sofa
sofa/train/sofa_0352.off,7,sofa
sofa/train/sofa_0353.off,7,sofa
sofa/train/sofa_0354.off,7,sofa
sofa/train/sofa_0355.off,7,sofa
sofa/train/sofa_0356.off,7,sofa
sofa/train/sofa_0357.off,7,sofa
sofa/train/sofa_0358.off,7,sofa
sofa/train/sofa_0359.off,7,sofa
sofa/train/sofa_0360.off,7,sofa
sofa/train/sofa_0361.off,7,sofa
sofa/train/sofa_0362.off,7,sofa
sofa/train/sofa_0363.off,7,sofa
sofa/train/sofa_0364.off,7,sofa
sofa/train/sofa_0365.off,7,sofa
sofa/train/sofa_0366.off,7,sofa
sofa/train/sofa_0367.off,7,sofa
sofa/train/sofa_0368.off,7,sofa
sofa/train/sofa_0369.off,7,sofa
sofa/train/sofa_0370.off,7,sofa
sofa/train/sofa_0371.off,7,sofa
sofa/train/sofa_0372.off,7,sofa
sofa/train/sofa_0373.off,7,sofa
sofa/train/sofa_0374.off,7,sofa
sofa/train/sofa_0375.off,7,sofa
sofa/train/sofa_0376.off,7,sofa
sofa/train/sofa_0377.off,7,sofa
sofa/train/sofa_0378.off,7,sofa
sofa/train/sofa_0379.off,7,sofa
sofa/train/sofa_0380.off,7,sofa
sofa/train/sofa_0381.off,7,sofa
sofa/train/sofa_0382.off,7,sofa
sofa/train/sofa_0383.off,7,sofa
sofa/train/sofa_0384.off,7,sofa
sofa/train/sofa_0385.off,7,sofa
sofa/train/sofa_0386.off,7,sofa
sofa/train/sofa_0387.off,7,sofa
sofa/train/sofa_0388.off,7,sofa
sofa/train/sofa_0389.off,7,sofa
sofa/train/sofa_0390.off,7,sofa
sofa/train/sofa_0391.off,7,sofa
sofa/train/sofa_0392.off,7,sofa
sofa/train/sofa_0393.off,7,sofa
sofa/train/sofa_0394.off,7,sofa
sofa/train/sofa_0395.off,7,sofa
sofa/train/sofa_0396.off,7,sofa
sofa/train/sofa_0397.off,7,sofa
sofa/train/sofa_0398.off,7,sofa
sofa/train/sofa_0399.off,7,sofa
sofa/train/sofa_0400.off,7,sofa
sofa/train/sofa_0401.off,7,sofa
sofa/train/sofa_0402.off,7,sofa
sofa/train/sofa_0403.off,7,sofa
sofa/train/sofa_0404.off,7,sofa
sofa/train/sofa_0405.off,7,sofa
sofa/train/sofa_0406.off,7,sofa
sofa/train/sofa_0407.off,7,sofa
sofa/train/sofa_0408.off,7,sofa
sofa/train/sofa_0409.off,7,sofa
sofa/train/sofa_0410.off,7,sofa
sofa/train/sofa_0411.off,7,sofa
sofa/train/sofa_0412.off,7,sofa
sofa/train/sofa_0413.off,7,sofa
sofa/train/sofa_0414.off,7,sofa
sofa/train/sofa_0415.off,7,sofa
sofa/train/sofa_0416.off,7,sofa
sofa/train/sofa_0417.off,7,sofa
sofa/train/sofa_0418.off,7,sofa
sofa/train/sofa_0419.off,7,sofa
sofa/train/sofa_0420.off,7,sofa
sofa/train/sofa_0421.off,7,sofa
sofa/train/sofa_0422.off,7,sofa
sofa/train/sofa_0423.off,7,sofa
sofa/train/sofa_0424.off,7,sofa
sofa/train/sofa_0425.off,7,sofa
sofa/train/sofa_0426.off,7,sofa
sofa/train/sofa_0427.off,7,sofa
sofa/train/sofa_0428.off,7,sofa
sofa/train/sofa_0429.off,7,sofa
sofa/train/sofa_0430.off,7,sofa
sofa/train/sofa_0431.off,7,sofa
sofa/train/sofa_0432.off,7,sofa
sofa/train/sofa_0433.off,7,sofa
sofa/train/sofa_0434.off,7,sofa
sofa/train/sofa_0435.off,7,sofa
sofa/train/sofa_0436.off,7,sofa
sofa/train/sofa_0437.off,7,sofa
sofa/train/sofa_0438.off,7,sofa
sofa/train/sofa_0439.off,7,sofa
sofa/train/sofa_0440.off,7,sofa
sofa/train/sofa_0441.off,7,sofa
sofa/train/sofa_0442.off,7,sofa
sofa/train/sofa_0443.off,7,sofa
sofa/train/sofa_0444.off,7,sofa
sofa/train/sofa_0445.off,7,sofa
sofa/train/sofa_0446.off,7,sofa
sofa/train/sofa_0447.off,7,sofa
sofa/train/sofa_0448.off,7,sofa
sofa/train/sofa_0449.off,7,sofa
sofa/train/sofa_0450.off,7,sofa
sofa/train/sofa_0451.off,7,sofa
sofa/train/sofa_0452.off,7,sofa
sofa/train/sofa_0453.off,7,sofa
sofa/train/sofa_0454.off,7,sofa
sofa/train/sofa_0455.off,7,sofa
sofa/train/sofa_0456.off,7,sofa
sofa/train/sofa_0457.off,7,sofa
sofa/train/sofa_0458.off,7,sofa
sofa/train/sofa_0459.off,7,sofa
sofa/train/sofa_0460.off,7,sofa
sofa/train/sofa_0461.off,7,sofa
sofa/train/sofa_0462.off,7,sofa
sofa/train/sofa_0463.off,7,sofa
sofa/train/sofa_0464.off,7,sofa
sofa/train/sofa_0465.off,7,sofa
sofa/train/sofa_0466.off,7,sofa
sofa/train/sofa_0467.off,7,sofa
sofa/train/sofa_0468.off,7,sofa
sofa/train/sofa_0469.off,7,sofa
sofa/train/sofa_0470.off,7,sofa
sofa/train/sofa_0471.off,7,sofa
sofa/train/sofa_0472.off,7,sofa
sofa/train/sofa_0473.off,7,sofa
sofa/train/sofa_0474.off,7,sofa
sofa/train/sofa_0475.off,7,sofa
sofa/train/sofa_0476.off,7,sofa
sofa/train/sofa_0477.off,7,sofa
sofa/train/sofa_0478.off,7,sofa
sofa/train/sofa_0479.off,7,sofa
sofa/train/sofa_0480.off,7,sofa
sofa/train/sofa_0481.off,7,sofa
sofa/train/sofa_0482.off,7,sofa
sofa/train/sofa_0483.off,7,sofa
sofa/train/sofa_0484.off,7,sofa
sofa/train/sofa_0485.off,7,sofa
sofa/train/sofa_0486.off,7,sofa
sofa/train/sofa_0487.off,7,sofa
sofa/train/sofa_0488.off,7,sofa
sofa/train/sofa_0489.off,7,sofa
sofa/train/sofa_0490.off,7,sofa
sofa/train/sofa_0491.off,7,sofa
sofa/train/sofa_0492.off,7,sofa
sofa/train/sofa_0493.off,7,sofa
sofa/train/sofa_0494.off,7,sofa
sofa/train/sofa_0495.off,7,sofa
sofa/train/sofa_0496.off,7,sofa
sofa/train/sofa_0497.off,7,sofa
sofa/train/sofa_0498.off,7,sofa
sofa/train/sofa_0499.off,7,sofa
sofa/train/sofa_0500.off,7,sofa
sofa/train/sofa_0501.off,7,sofa
sofa/train/sofa_0502.off,7,sofa
sofa/train/sofa_0503.off,7,sofa
sofa/train/sofa_0504.off,7,sofa
sofa/train/sofa_0505.off,7,sofa
sofa/train/sofa_0506.off,7,sofa
sofa/train/sofa_0507.off,7,sofa
sofa/train/sofa_0508.off,7,sofa
sofa/train/sofa_0509.off,7,sofa
sofa/train/sofa_0510.off,7,sofa
sofa/train/sofa_0511.off,7,sofa
sofa/train/sofa_0512.off,7,sofa
sofa/train/sofa_0513.off,7,sofa
sofa/train/sofa_0514.off,7,sofa
sofa/train/sofa_0515.off,7,sofa
sofa/train/sofa_0516.off,7,sofa
sofa/train/sofa_0517.off,7,sofa
sofa/train/sofa_0518.off,7,sofa
sofa/train/sofa_0519.off,7,sofa
sofa/train/sofa_0520.off,7,sofa
sofa/train/sofa_0521.off,7,sofa
sofa/train/sofa_0522.off,7,sofa
sofa/train/sofa_0523.off,7,sofa
sofa/train/sofa_0524.off,7,sofa
sofa/train/sofa_0525.off,7,sofa
sofa/train/sofa_0526.off,7,sofa
sofa/train/sofa_0527.off,7,sofa
sofa/train/sofa_0528.off,7,sofa
sofa/train/sofa_0529.off,7,sofa
sofa/train/sofa_0530.off,7,sofa
sofa/train/sofa_0531.off,7,sofa
sofa/train/sofa_0532.off,7,sofa
sofa/train/sofa_0533.off,7,sofa
sofa/train/sofa_0534.off,7,sofa
sofa/train/sofa_0535.off,7,sofa
sofa/train/sofa_0536.off,7,sofa
sofa/train/sofa_0537.off,7,sofa
sofa/train/sofa_0538.off,7,sofa
sofa/train/sofa_0539.off,7,sofa
sofa/train/sofa_0540.off,7,sofa
sofa/train/sofa_0541.off,7,sofa
sofa/train/sofa_0542.off,7,sofa
sofa/train/sofa_0543.off,7,sofa
sofa/train/sofa_0544.off,7,sofa
sofa/train/sofa_0545.off,7,sofa
sofa/train/sofa_0546.off,7,sofa
sofa/train/sofa_0547.off,7,sofa
sofa/train/sofa_0548.off,7,sofa
sofa/train/sofa_0549.off,7,sofa
sofa/train/sofa_0550.off,7,sofa
sofa/train/sofa_0551.off,7,sofa
sofa/train/sofa_0552.off,7,sofa
sofa/train/sofa_0553.off,7,sofa
sofa/train/sofa_0554.off,7,sofa
sofa/train/sofa_0555.off,7,sofa
sofa/train/sofa_0556.off,7,sofa
sofa/train/sofa_0557.off,7,sofa
sofa/train/sofa_0558.off,7,sofa
sofa/train/sofa_0559.off,7,sofa
sofa/train/sofa_0560.off,7,sofa
sofa/train/sofa_0561.off,7,sofa
sofa/train/sofa_0562.off,7,sofa
sofa/train/sofa_0563.off,7,sofa
sofa/train/sofa_0564.off,7,sofa
sofa/train/sofa_0565.off,7,sofa
sofa/train/sofa_0566.off,7,sofa
sofa/train/sofa_0567.off,7,sofa
sofa/train/sofa_0568.off,7,sofa
sofa/train/sofa_0569.off,7,sofa
sofa/train/sofa_0570.off,7,sofa
sofa/train/sofa_0571.off,7,sofa
sofa/train/sofa_0572.off,7,sofa
sofa/train/sofa_0573.off,7,sofa
sofa/train/sofa_0574.off,7,sofa
sofa/train/sofa_0575.off,7,sofa
sofa/train/sofa_0576.off,7,sofa
sofa/train/sofa_0577.off,7,sofa
sofa/train/sofa_0578.off,7,sofa
sofa/train/sofa_0579.off,7,sofa
sofa/train/sofa_0580.off,7,sofa
sofa/train/sofa_0581.off,7,sofa
sofa/train/sofa_0582.off,7,sofa
sofa/train/sofa_0583.off,7,sofa
sofa/train/sofa_0584.off,7,sofa
sofa/train/sofa_0585.off,7,sofa
sofa/train/sofa_0586.off,7,sofa
sofa/train/sofa_0587.off,7,sofa
sofa/train/sofa_0588.off,7,sofa
sofa/train/sofa_0589.off,7,sofa
sofa/train/sofa_0590.off,7,sofa
sofa/train/sofa_0591.off,7,sofa
sofa/train/sofa_0592.off,7,sofa
sofa/train/sofa_0593.off,7,sofa
sofa/train/sofa_0594.off,7,sofa
sofa/train/sofa_0595.off,7,sofa
sofa/train/sofa_0596.off,7,sofa
sofa/train/sofa_0597.off,7,sofa
sofa/train/sofa_0598.off,7,sofa
sofa/train/sofa_0599.off,7,sofa
sofa/train/sofa_0600.off,7,sofa
sofa/train/sofa_0601.off,7,sofa
sofa/train/sofa_0602.off,7,sofa
sofa/train/sofa_0603.off,7,sofa
sofa/train/sofa_0604.off,7,sofa
sofa/train/sofa_0605.off,7,sofa
sofa/train/sofa_0606.off,7,sofa
sofa/train/sofa_0607.off,7,sofa
sofa/train/sofa_0608.off,7,sofa
sofa/train/sofa_0609.off,7,sofa
sofa/train/sofa_0610.off,7,sofa
sofa/train/sofa_0611.off,7,sofa
sofa/train/sofa_0612.off,7,sofa
sofa/train/sofa_0613.off,7,sofa
sofa/train/sofa_0614.off,7,sofa
sofa/train/sofa_0615.off,7,sofa
sofa/train/sofa_0616.off,7,sofa
sofa/train/sofa_0617.off,7,sofa
sofa/train/sofa_0618.off,7,sofa
sofa/train/sofa_0619.off,7,sofa
sofa/train/sofa_0620.off,7,sofa
sofa/train/sofa_0621.off,7,sofa
sofa/train/sofa_0622.off,7,sofa
sofa/train/sofa_0623.off,7,sofa
sofa/train/sofa_0624.off,7,sofa
sofa/train/sofa_0625.off,7,sofa
sofa/train/sofa_0626.off,7,sofa
sofa/train/sofa_0627.off,7,sofa
sofa/train/sofa_0628.off,7,sofa
sofa/train/sofa_0629.off,7,sofa
sofa/train/sofa_0630.off,7,sofa
sofa/train/sofa_0631.off,7,sofa
sofa/train/sofa_0632.off,7,sofa
sofa/train/sofa_0633.off,7,sofa
sofa/train/sofa_0634.off,7,sofa
sofa/train/sofa_0635.off,7,sofa
sofa/train/sofa_0636.off,7,sofa
sofa/train/sofa_0637.off,7,sofa
sofa/train/sofa_0638.off,7,sofa
sofa/train/sofa_0639.off,7,sofa
sofa/train/sofa_0640.off,7,sofa
sofa/train/sofa_0641.off,7,sofa
sofa/train/sofa_0642.off,7,sofa
sofa/train/sofa_0643.off,7,sofa
sofa/train/sofa_0644.off,7,sofa
sofa/train/sofa_0645.off,7,sofa
sofa/train/sofa_0646.off,7,sofa
sofa/train/sofa_0647.off,7,sofa
sofa/train/sofa_0648.off,7,sofa
sofa/train/sofa_0649.off,7,sofa
sofa/train/sofa_0650.off,7,sofa
sofa/train/sofa_0651.off,7,sofa
sofa/train/sofa_0652.off,7,sofa
sofa/train/sofa_0653.off,7,sofa
sofa/train/sofa_0654.off,7,sofa
sofa/train/sofa_0655.off,7,sofa
sofa/train/sofa_0656.off,7,sofa
sofa/train/sofa_0657.off,7,sofa
sofa/train/sofa_0658.off,7,sofa
sofa/train/sofa_0659.off,7,sofa
sofa/train/sofa_0660.off,7,sofa
sofa/train/sofa_0661.off,7,sofa
sofa/train/sofa_0662.off,7,sofa
sofa/train/sofa_0663.off,7,sofa
sofa/train/sofa_0664.off,7,sofa
sofa/train/sofa_0665.off,7,sofa
sofa/train/sofa_0666.off,7,sofa
sofa/train/sofa_0667.off,7,sofa
sofa/train/sofa_0668.off,7,sofa
sofa/train/sofa_0669.off,7,sofa
sofa/train/sofa_0670.off,7,sofa
sofa/train/sofa_0671.off,7,sofa
sofa/train/sofa_0672.off,7,sofa
sofa/train/sofa_0673.off,7,sofa
sofa/train/sofa_0674.off,7,sofa
sofa/train/sofa_0675.off,7,sofa
sofa/train/sofa_0676.off,7,sofa
sofa/train/sofa_0677.off,7,sofa
sofa/train/sofa_0678.off,7,sofa
sofa/train/sofa_0679.off,7,sofa
sofa/train/sofa_0680.off,7,sofa
table/train/table_0001.off,8,table
table/train/table_0002.off,8,table
table/train/table_0003.off,8,table
table/train/table_0004.off,8,table
table/train/table_0005.off,8,table
table/train/table_0006.off,8,table
table/train/table_0007.off,8,table
table/train/table_0008.off,8,table
table/train/table_0009.off,8,table
table/train/table_0010.off,8,table
table/train/table_0011.off,8,table
table/train/table_0012.off,8,table
table/train/table_0013.off,8,table
table/train/table_0014.off,8,table
table/train/table_0015.off,8,table
table/train/table_0016.off,8,table
table/train/table_0017.off,8,table
table/train/table_0018.off,8,table
table/train/table_0019.off,8,table
table/train/table_0020.off,8,table
table/train/table_0021.off,8,table
table/train/table_0022.off,8,table
table/train/table_0023.off,8,table
table/train/table_0024.off,8,table
table/train/table_0025.off,8,table
table/train/table_0026.off,8,table
table/train/table_0027.off,8,table
table/train/table_0028.off,8,table
table/train/table_0029.off,8,table
table/train/table_0030.off,8,table
table/train/table_0031.off,8,table
table/train/table_0032.off,8,table
table/train/table_0033.off,8,table
table/train/table_0034.off,8,table
table/train/table_0035.off,8,table
table/train/table_0036.off,8,table
table/train/table_0037.off,8,table
table/train/table_0038.off,8,table
table/train/table_0039.off,8,table
table/train/table_0040.off,8,table
table/train/table_0041.off,8,table
table/train/table_0042.off,8,table
table/train/table_0043.off,8,table
table/train/table_0044.off,8,table
table/train/table_0045.off,8,table
table/train/table_0046.off,8,table
table/train/table_0047.off,8,table
table/train/table_0048.off,8,table
table/train/table_0049.off,8,table
table/train/table_0050.off,8,table
table/train/table_0051.off,8,table
table/train/table_0052.off,8,table
table/train/table_0053.off,8,table
table/train/table_0054.off,8,table
table/train/table_0055.off,8,table
table/train/table_0056.off,8,table
table/train/table_0057.off,8,table
table/train/table_0058.off,8,table
table/train/table_0059.off,8,table
table/train/table_0060.off,8,table
table/train/table_0061.off,8,table
table/train/table_0062.off,8,table
table/train/table_0063.off,8,table
table/train/table_0064.off,8,table
table/train/table_0065.off,8,table
table/train/table_0066.off,8,table
table/train/table_0067.off,8,table
table/train/table_0068.off,8,table
table/train/table_0069.off,8,table
table/train/table_0070.off,8,table
table/train/table_0071.off,8,table
table/train/table_0072.off,8,table
table/train/table_0073.off,8,table
table/train/table_0074.off,8,table
table/train/table_0075.off,8,table
table/train/table_0076.off,8,table
table/train/table_0077.off,8,table
table/train/table_0078.off,8,table
table/train/table_0079.off,8,table
table/train/table_0080.off,8,table
table/train/table_0081.off,8,table
table/train/table_0082.off,8,table
table/train/table_0083.off,8,table
table/train/table_0084.off,8,table
table/train/table_0085.off,8,table
table/train/table_0086.off,8,table
table/train/table_0087.off,8,table
table/train/table_0088.off,8,table
table/train/table_0089.off,8,table
table/train/table_0090.off,8,table
table/train/table_0091.off,8,table
table/train/table_0092.off,8,table
table/train/table_0093.off,8,table
table/train/table_0094.off,8,table
table/train/table_0095.off,8,table
table/train/table_0096.off,8,table
table/train/table_0097.off,8,table
table/train/table_0098.off,8,table
table/train/table_0099.off,8,table
table/train/table_0100.off,8,table
table/train/table_0101.off,8,table
table/train/table_0102.off,8,table
table/train/table_0103.off,8,table
table/train/table_0104.off,8,table
table/train/table_0105.off,8,table
table/train/table_0106.off,8,table
table/train/table_0107.off,8,table
table/train/table_0108.off,8,table
table/train/table_0109.off,8,table
table/train/table_0110.off,8,table
table/train/table_0111.off,8,table
table/train/table_0112.off,8,table
table/train/table_0113.off,8,table
table/train/table_0114.off,8,table
table/train/table_0115.off,8,table
table/train/table_0116.off,8,table
table/train/table_0117.off,8,table
table/train/table_0118.off,8,table
table/train/table_0119.off,8,table
table/train/table_0120.off,8,table
table/train/table_0121.off,8,table
table/train/table_0122.off,8,table
table/train/table_0123.off,8,table
table/train/table_0124.off,8,table
table/train/table_0125.off,8,table
table/train/table_0126.off,8,table
table/train/table_0127.off,8,table
table/train/table_0128.off,8,table
table/train/table_0129.off,8,table
table/train/table_0130.off,8,table
table/train/table_0131.off,8,table
table/train/table_0132.off,8,table
table/train/table_0133.off,8,table
table/train/table_0134.off,8,table
table/train/table_0135.off,8,table
table/train/table_0136.off,8,table
table/train/table_0137.off,8,table
table/train/table_0138.off,8,table
table/train/table_0139.off,8,table
table/train/table_0140.off,8,table
table/train/table_0141.off,8,table
table/train/table_0142.off,8,table
table/train/table_0143.off,8,table
table/train/table_0144.off,8,table
table/train/table_0145.off,8,table
table/train/table_0146.off,8,table
table/train/table_0147.off,8,table
table/train/table_0148.off,8,table
table/train/table_0149.off,8,table
table/train/table_0150.off,8,table
table/train/table_0151.off,8,table
table/train/table_0152.off,8,table
table/train/table_0153.off,8,table
table/train/table_0154.off,8,table
table/train/table_0155.off,8,table
table/train/table_0156.off,8,table
table/train/table_0157.off,8,table
table/train/table_0158.off,8,table
table/train/table_0159.off,8,table
table/train/table_0160.off,8,table
table/train/table_0161.off,8,table
table/train/table_0162.off,8,table
table/train/table_0163.off,8,table
table/train/table_0164.off,8,table
table/train/table_0165.off,8,table
table/train/table_0166.off,8,table
table/train/table_0167.off,8,table
table/train/table_0168.off,8,table
table/train/table_0169.off,8,table
table/train/table_0170.off,8,table
table/train/table_0171.off,8,table
table/train/table_0172.off,8,table
table/train/table_0173.off,8,table
table/train/table_0174.off,8,table
table/train/table_0175.off,8,table
table/train/table_0176.off,8,table
table/train/table_0177.off,8,table
table/train/table_0178.off,8,table
table/train/table_0179.off,8,table
table/train/table_0180.off,8,table
table/train/table_0181.off,8,table
table/train/table_0182.off,8,table
table/train/table_0183.off,8,table
table/train/table_0184.off,8,table
table/train/table_0185.off,8,table
table/train/table_0186.off,8,table
table/train/table_0187.off,8,table
table/train/table_0188.off,8,table
table/train/table_0189.off,8,table
table/train/table_0190.off,8,table
table/train/table_0191.off,8,table
table/train/table_0192.off,8,table
table/train/table_0193.off,8,table
table/train/table_0194.off,8,table
table/train/table_0195.off,8,table
table/train/table_0196.off,8,table
table/train/table_0197.off,8,table
table/train/table_0198.off,8,table
table/train/table_0199.off,8,table
table/train/table_0200.off,8,table
table/train/table_0201.off,8,table
table/train/table_0202.off,8,table
table/train/table_0203.off,8,table
table/train/table_0204.off,8,table
table/train/table_0205.off,8,table
table/train/table_0206.off,8,table
table/train/table_0207.off,8,table
table/train/table_0208.off,8,table
table/train/table_0209.off,8,table
table/train/table_0210.off,8,table
table/train/table_0211.off,8,table
table/train/table_0212.off,8,table
table/train/table_0213.off,8,table
table/train/table_0214.off,8,table
table/train/table_0215.off,8,table
table/train/table_0216.off,8,table
table/train/table_0217.off,8,table
table/train/table_0218.off,8,table
table/train/table_0219.off,8,table
table/train/table_0220.off,8,table
table/train/table_0221.off,8,table
table/train/table_0222.off,8,table
table/train/table_0223.off,8,table
table/train/table_0224.off,8,table
table/train/table_0225.off,8,table
table/train/table_0226.off,8,table
table/train/table_0227.off,8,table
table/train/table_0228.off,8,table
table/train/table_0229.off,8,table
table/train/table_0230.off,8,table
table/train/table_0231.off,8,table
table/train/table_0232.off,8,table
table/train/table_0233.off,8,table
table/train/table_0234.off,8,table
table/train/table_0235.off,8,table
table/train/table_0236.off,8,table
table/train/table_0237.off,8,table
table/train/table_0238.off,8,table
table/train/table_0239.off,8,table
table/train/table_0240.off,8,table
table/train/table_0241.off,8,table
table/train/table_0242.off,8,table
table/train/table_0243.off,8,table
table/train/table_0244.off,8,table
table/train/table_0245.off,8,table
table/train/table_0246.off,8,table
table/train/table_0247.off,8,table
table/train/table_0248.off,8,table
table/train/table_0249.off,8,table
table/train/table_0250.off,8,table
table/train/table_0251.off,8,table
table/train/table_0252.off,8,table
table/train/table_0253.off,8,table
table/train/table_0254.off,8,table
table/train/table_0255.off,8,table
table/train/table_0256.off,8,table
table/train/table_0257.off,8,table
table/train/table_0258.off,8,table
table/train/table_0259.off,8,table
table/train/table_0260.off,8,table
table/train/table_0261.off,8,table
table/train/table_0262.off,8,table
table/train/table_0263.off,8,table
table/train/table_0264.off,8,table
table/train/table_0265.off,8,table
table/train/table_0266.off,8,table
table/train/table_0267.off,8,table
table/train/table_0268.off,8,table
table/train/table_0269.off,8,table
table/train/table_0270.off,8,table
table/train/table_0271.off,8,table
table/train/table_0272.off,8,table
table/train/table_0273.off,8,table
table/train/table_0274.off,8,table
table/train/table_0275.off,8,table
table/train/table_0276.off,8,table
table/train/table_0277.off,8,table
table/train/table_0278.off,8,table
table/train/table_0279.off,8,table
table/train/table_0280.off,8,table
table/train/table_0281.off,8,table
table/train/table_0282.off,8,table
table/train/table_0283.off,8,table
table/train/table_0284.off,8,table
table/train/table_0285.off,8,table
table/train/table_0286.off,8,table
table/train/table_0287.off,8,table
table/train/table_0288.off,8,table
table/train/table_0289.off,8,table
table/train/table_0290.off,8,table
table/train/table_0291.off,8,table
table/train/table_0292.off,8,table
table/train/table_0293.off,8,table
table/train/table_0294.off,8,table
table/train/table_0295.off,8,table
table/train/table_0296.off,8,table
table/train/table_0297.off,8,table
table/train/table_0298.off,8,table
table/train/table_0299.off,8,table
table/train/table_0300.off,8,table
table/train/table_0301.off,8,table
table/train/table_0302.off,8,table
table/train/table_0303.off,8,table
table/train/table_0304.off,8,table
table/train/table_0305.off,8,table
table/train/table_0306.off,8,table
table/train/table_0307.off,8,table
table/train/table_0308.off,8,table
table/train/table_0309.off,8,table
table/train/table_0310.off,8,table
table/train/table_0311.off,8,table
table/train/table_0312.off,8,table
table/train/table_0313.off,8,table
table/train/table_0314.off,8,table
table/train/table_0315.off,8,table
table/train/table_0316.off,8,table
table/train/table_0317.off,8,table
table/train/table_0318.off,8,table
table/train/table_0319.off,8,table
table/train/table_0320.off,8,table
table/train/table_0321.off,8,table
table/train/table_0322.off,8,table
table/train/table_0323.off,8,table
table/train/table_0324.off,8,table
table/train/table_0325.off,8,table
table/train/table_0326.off,8,table
table/train/table_0327.off,8,table
table/train/table_0328.off,8,table
table/train/table_0329.off,8,table
table/train/table_0330.off,8,table
table/train/table_0331.off,8,table
table/train/table_0332.off,8,table
table/train/table_0333.off,8,table
table/train/table_0334.off,8,table
table/train/table_0335.off,8,table
table/train/table_0336.off,8,table
table/train/table_0337.off,8,table
table/train/table_0338.off,8,table
table/train/table_0339.off,8,table
table/train/table_0340.off,8,table
table/train/table_0341.off,8,table
table/train/table_0342.off,8,table
table/train/table_0343.off,8,table
table/train/table_0344.off,8,table
table/train/table_0345.off,8,table
table/train/table_0346.off,8,table
table/train/table_0347.off,8,table
table/train/table_0348.off,8,table
table/train/table_0349.off,8,table
table/train/table_0350.off,8,table
table/train/table_0351.off,8,table
table/train/table_0352.off,8,table
table/train/table_0353.off,8,table
table/train/table_0354.off,8,table
table/train/table_0355.off,8,table
table/train/table_0356.off,8,table
table/train/table_0357.off,8,table
table/train/table_0358.off,8,table
table/train/table_0359.off,8,table
table/train/table_0360.off,8,table
table/train/table_0361.off,8,table
table/train/table_0362.off,8,table
table/train/table_0363.off,8,table
table/train/table_0364.off,8,table
table/train/table_0365.off,8,table
table/train/table_0366.off,8,table
table/train/table_0367.off,8,table
table/train/table_0368.off,8,table
table/train/table_0369.off,8,table
table/train/table_0370.off,8,table
table/train/table_0371.off,8,table
table/train/table_0372.off,8,table
table/train/table_0373.off,8,table
table/train/table_0374.off,8,table
table/train/table_0375.off,8,table
table/train/table_0376.off,8,table
table/train/table_0377.off,8,table
table/train/table_0378.off,8,table
table/train/table_0379.off,8,table
table/train/table_0380.off,8,table
table/train/table_0381.off,8,table
table/train/table_0382.off,8,table
table/train/table_0383.off,8,table
table/train/table_0384.off,8,table
table/train/table_0385.off,8,table
table/train/table_0386.off,8,table
table/train/table_0387.off,8,table
table/train/table_0388.off,8,table
table/train/table_0389.off,8,table
table/train/table_0390.off,8,table
table/train/table_0391.off,8,table
table/train/table_0392.off,8,table
toilet/train/toilet_0001.off,9,toilet
toilet/train/toilet_0002.off,9,toilet
toilet/train/toilet_0003.off,9,toilet
toilet/train/toilet_0004.off,9,toilet
toilet/train/toilet_0005.off,9,toilet
toilet/train/toilet_0006.off,9,toilet
toilet/train/toilet_0007.off,9,toilet
toilet/train/toilet_0008.off,9,toilet
toilet/train/toilet_0009.off,9,toilet
toilet/train/toilet_0010.off,9,toilet
toilet/train/toilet_0011.off,9,toilet
toilet/train/toilet_0012.off,9,toilet
toilet/train/toilet_0013.off,9,toilet
toilet/train/toilet_0014.off,9,toilet
toilet/train/toilet_0015.off,9,toilet
toilet/train/toilet_0016.off,9,toilet
toilet/train/toilet_0017.off,9,toilet
toilet/train/toilet_0018.off,9,toilet
toilet/train/toilet_0019.off,9,toilet
toilet/train/toilet_0020.off,9,toilet
toilet/train/toilet_0021.off,9,toilet
toilet/train/toilet_0022.off,9,toilet
toilet/train/toilet_0023.off,9,toilet
toilet/train/toilet_0024.off,9,toilet
toilet/train/toilet_0025.off,9,toilet
toilet/train/toilet_0026.off,9,toilet
toilet/train/toilet_0027.off,9,toilet
toilet/train/toilet_0028.off,9,toilet
toilet/train/toilet_0029.off,9,toilet
toilet/train/toilet_0030.off,9,toilet
toilet/train/toilet_0031.off,9,toilet
toilet/train/toilet_0032.off,9,toilet
toilet/train/toilet_0033.off,9,toilet
toilet/train/toilet_0034.off,9,toilet
toilet/train/toilet_0035.off,9,toilet
toilet/train/toilet_0036.off,9,toilet
toilet/train/toilet_0037.off,9,toilet
toilet/train/toilet_0038.off,9,toilet
toilet/train/toilet_0039.off,9,toilet
toilet/train/toilet_0040.off,9,toilet
toilet/train/toilet_0041.off,9,toilet
toilet/train/toilet_0042.off,9,toilet
toilet/train/toilet_0043.off,9,toilet
toilet/train/toilet_0044.off,9,toilet
toilet/train/toilet_0045.off,9,toilet
toilet/train/toilet_0046.off,9,toilet
toilet/train/toilet_0047.off,9,toilet
toilet/train/toilet_0048.off,9,toilet
toilet/train/toilet_0049.off,9,toilet
toilet/train/toilet_0050.off,9,toilet
toilet/train/toilet_0051.off,9,toilet
toilet/train/toilet_0052.off,9,toilet
toilet/train/toilet_0053.off,9,toilet
toilet/train/toilet_0054.off,9,toilet
toilet/train/toilet_0055.off,9,toilet
toilet/train/toilet_0056.off,9,toilet
toilet/train/toilet_0057.off,9,toilet
toilet/train/toilet_0058.off,9,toilet
toilet/train/toilet_0059.off,9,toilet
toilet/train/toilet_0060.off,9,toilet
toilet/train/toilet_0061.off,9,toilet
toilet/train/toilet_0062.off,9,toilet
toilet/train/toilet_0063.off,9,toilet
toilet/train/toilet_0064.off,9,toilet
toilet/train/toilet_0065.off,9,toilet
toilet/train/toilet_0066.off,9,toilet
toilet/train/toilet_0067.off,9,toilet
toilet/train/toilet_0068.off,9,toilet
toilet/train/toilet_0069.off,9,toilet
toilet/train/toilet_0070.off,9,toilet
toilet/train/toilet_0071.off,9,toilet
toilet/train/toilet_0072.off,9,toilet
toilet/train/toilet_0073.off,9,toilet
toilet/train/toilet_0074.off,9,toilet
toilet/train/toilet_0075.off,9,toilet
toilet/train/toilet_0076.off,9,toilet
toilet/train/toilet_0077.off,9,toilet
toilet/train/toilet_0078.off,9,toilet
toilet/train/toilet_0079.off,9,toilet
toilet/train/toilet_0080.off,9,toilet
toilet/train/toilet_0081.off,9,toilet
toilet/train/toilet_0082.off,9,toilet
toilet/train/toilet_0083.off,9,toilet
toilet/train/toilet_0084.off,9,toilet
toilet/train/toilet_0085.off,9,toilet
toilet/train/toilet_0086.off,9,toilet
toilet/train/toilet_0087.off,9,toilet
toilet/train/toilet_0088.off,9,toilet
toilet/train/toilet_0089.off,9,toilet
toilet/train/toilet_0090.off,9,toilet
toilet/train/toilet_0091.off,9,toilet
toilet/train/toilet_0092.off,9,toilet
toilet/train/toilet_0093.off,9,toilet
toilet/train/toilet_0094.off,9,toilet
toilet/train/toilet_0095.off,9,toilet
toilet/train/toilet_0096.off,9,toilet
toilet/train/toilet_0097.off,9,toilet
toilet/train/toilet_0098.off,9,toilet
toilet/train/toilet_0099.off,9,toilet
toilet/train/toilet_0100.off,9,toilet
toilet/train/toilet_0101.off,9,toilet
toilet/train/toilet_0102.off,9,toilet
toilet/train/toilet_0103.off,9,toilet
toilet/train/toilet_0104.off,9,toilet
toilet/train/toilet_0105.off,9,toilet
toilet/train/toilet_0106.off,9,toilet
toilet/train/toilet_0107.off,9,toilet
toilet/train/toilet_0108.off,9,toilet
toilet/train/toilet_0109.off,9,toilet
toilet/train/toilet_0110.off,9,toilet
toilet/train/toilet_0111.off,9,toilet
toilet/train/toilet_0112.off,9,toilet
toilet/train/toilet_0113.off,9,toilet
toilet/train/toilet_0114.off,9,toilet
toilet/train/toilet_0115.off,9,toilet
toilet/train/toilet_0116.off,9,toilet
toilet/train/toilet_0117.off,9,toilet
toilet/train/toilet_0118.off,9,toilet
toilet/train/toilet_0119.off,9,toilet
toilet/train/toilet_0120.off,9,toilet
toilet/train/toilet_0121.off,9,toilet
toilet/train/toilet_0122.off,9,toilet
toilet/train/toilet_0123.off,9,toilet
toilet/train/toilet_0124.off,9,toilet
toilet/train/toilet_0125.off,9,toilet
toilet/train/toilet_0126.off,9,toilet
toilet/train/toilet_0127.off,9,toilet
toilet/train/toilet_0128.off,9,toilet
toilet/train/toilet_0129.off,9,toilet
toilet/train/toilet_0130.off,9,toilet
toilet/train/toilet_0131.off,9,toilet
toilet/train/toilet_0132.off,9,toilet
toilet/train/toilet_0133.off,9,toilet
toilet/train/toilet_0134.off,9,toilet
toilet/train/toilet_0135.off,9,toilet
toilet/train/toilet_0136.off,9,toilet
toilet/train/toilet_0137.off,9,toilet
toilet/train/toilet_0138.off,9,toilet
toilet/train/toilet_0139.off,9,toilet
toilet/train/toilet_0140.off,9,toilet
toilet/train/toilet_0141.off,9,toilet
toilet/train/toilet_0142.off,9,toilet
toilet/train/toilet_0143.off,9,toilet
toilet/train/toilet_0144.off,9,toilet
toilet/train/toilet_0145.off,9,toilet
toilet/train/toilet_0146.off,9,toilet
toilet/train/toilet_0147.off,9,toilet
toilet/train/toilet_0148.off,9,toilet
toilet/train/toilet_0149.off,9,toilet
toilet/train/toilet_0150.off,9,toilet
toilet/train/toilet_0151.off,9,toilet
toilet/train/toilet_0152.off,9,toilet
toilet/train/toilet_0153.off,9,toilet
toilet/train/toilet_0154.off,9,toilet
toilet/train/toilet_0155.off,9,toilet
toilet/train/toilet_0156.off,9,toilet
toilet/train/toilet_0157.off,9,toilet
toilet/train/toilet_0158.off,9,toilet
toilet/train/toilet_0159.off,9,toilet
toilet/train/toilet_0160.off,9,toilet
toilet/train/toilet_0161.off,9,toilet
toilet/train/toilet_0162.off,9,toilet
toilet/train/toilet_0163.off,9,toilet
toilet/train/toilet_0164.off,9,toilet
toilet/train/toilet_0165.off,9,toilet
toilet/train/toilet_0166.off,9,toilet
toilet/train/toilet_0167.off,9,toilet
toilet/train/toilet_0168.off,9,toilet
toilet/train/toilet_0169.off,9,toilet
toilet/train/toilet_0170.off,9,toilet
toilet/train/toilet_0171.off,9,toilet
toilet/train/toilet_0172.off,9,toilet
toilet/train/toilet_0173.off,9,toilet
toilet/train/toilet_0174.off,9,toilet
toilet/train/toilet_0175.off,9,toilet
toilet/train/toilet_0176.off,9,toilet
toilet/train/toilet_0177.off,9,toilet
toilet/train/toilet_0178.off,9,toilet
toilet/train/toilet_0179.off,9,toilet
toilet/train/toilet_0180.off,9,toilet
toilet/train/toilet_0181.off,9,toilet
toilet/train/toilet_0182.off,9,toilet
toilet/train/toilet_0183.off,9,toilet
toilet/train/toilet_0184.off,9,toilet
toilet/train/toilet_0185.off,9,toilet
toilet/train/toilet_0186.off,9,toilet
toilet/train/toilet_0187.off,9,toilet
toilet/train/toilet_0188.off,9,toilet
toilet/train/toilet_0189.off,9,toilet
toilet/train/toilet_0190.off,9,toilet
toilet/train/toilet_0191.off,9,toilet
toilet/train/toilet_0192.off,9,toilet
toilet/train/toilet_0193.off,9,toilet
toilet/train/toilet_0194.off,9,toilet
toilet/train/toilet_0195.off,9,toilet
toilet/train/toilet_0196.off,9,toilet
toilet/train/toilet_0197.off,9,toilet
toilet/train/toilet_0198.off,9,toilet
toilet/train/toilet_0199.off,9,toilet
toilet/train/toilet_0200.off,9,toilet
toilet/train/toilet_0201.off,9,toilet
toilet/train/toilet_0202.off,9,toilet
toilet/train/toilet_0203.off,9,toilet
toilet/train/toilet_0204.off,9,toilet
toilet/train/toilet_0205.off,9,toilet
toilet/train/toilet_0206.off,9,toilet
toilet/train/toilet_0207.off,9,toilet
toilet/train/toilet_0208.off,9,toilet
toilet/train/toilet_0209.off,9,toilet
toilet/train/toilet_0210.off,9,toilet
toilet/train/toilet_0211.off,9,toilet
toilet/train/toilet_0212.off,9,toilet
toilet/train/toilet_0213.off,9,toilet
toilet/train/toilet_0214.off,9,toilet
toilet/train/toilet_0215.off,9,toilet
toilet/train/toilet_0216.off,9,toilet
toilet/train/toilet_0217.off,9,toilet
toilet/train/toilet_0218.off,9,toilet
toilet/train/toilet_0219.off,9,toilet
toilet/train/toilet_0220.off,9,toilet
toilet/train/toilet_0221.off,9,toilet
toilet/train/toilet_0222.off,9,toilet
toilet/train/toilet_0223.off,9,toilet
toilet/train/toilet_0224.off,9,toilet
toilet/train/toilet_0225.off,9,toilet
toilet/train/toilet_0226.off,9,toilet
toilet/train/toilet_0227.off,9,toilet
toilet/train/toilet_0228.off,9,toilet
toilet/train/toilet_0229.off,9,toilet
toilet/train/toilet_0230.off,9,toilet
toilet/train/toilet_0231.off,9,toilet
toilet/train/toilet_0232.off,9,toilet
toilet/train/toilet_0233.off,9,toilet
toilet/train/toilet_0234.off,9,toilet
toilet/train/toilet_0235.off,9,toilet
toilet/train/toilet_0236.off,9,toilet
toilet/train/toilet_0237.off,9,toilet
toilet/train/toilet_0238.off,9,toilet
toilet/train/toilet_0239.off,9,toilet
toilet/train/toilet_0240.off,9,toilet
toilet/train/toilet_0241.off,9,toilet
toilet/train/toilet_0242.off,9,toilet
toilet/train/toilet_0243.off,9,toilet
toilet/train/toilet_0244.off,9,toilet
toilet/train/toilet_0245.off,9,toilet
toilet/train/toilet_0246.off,9,toilet
toilet/train/toilet_0247.off,9,toilet
toilet/train/toilet_0248.off,9,toilet
toilet/train/toilet_0249.off,9,toilet
toilet/train/toilet_0250.off,9,toilet
toilet/train/toilet_0251.off,9,toilet
toilet/train/toilet_0252.off,9,toilet
toilet/train/toilet_0253.off,9,toilet
toilet/train/toilet_0254.off,9,toilet
toilet/train/toilet_0255.off,9,toilet
toilet/train/toilet_0256.off,9,toilet
toilet/train/toilet_0257.off,9,toilet
toilet/train/toilet_0258.off,9,toilet
toilet/train/toilet_0259.off,9,toilet
toilet/train/toilet_0260.off,9,toilet
toilet/train/toilet_0261.off,9,toilet
toilet/train/toilet_0262.off,9,toilet
toilet/train/toilet_0263.off,9,toilet
toilet/train/toilet_0264.off,9,toilet
toilet/train/toilet_0265.off,9,toilet
toilet/train/toilet_0266.off,9,toilet
toilet/train/toilet_0267.off,9,toilet
toilet/train/toilet_0268.off,9,toilet
toilet/train/toilet_0269.off,9,toilet
toilet/train/toilet_0270.off,9,toilet
toilet/train/toilet_0271.off,9,toilet
toilet/train/toilet_0272.off,9,toilet
toilet/train/toilet_0273.off,9,toilet
toilet/train/toilet_0274.off,9,toilet
toilet/train/toilet_0275.off,9,toilet
toilet/train/toilet_0276.off,9,toilet
toilet/train/toilet_0277.off,9,toilet
toilet/train/toilet_0278.off,9,toilet
toilet/train/toilet_0279.off,9,toilet
toilet/train/toilet_0280.off,9,toilet
toilet/train/toilet_0281.off,9,toilet
toilet/train/toilet_0282.off,9,toilet
toilet/train/toilet_0283.off,9,toilet
toilet/train/toilet_0284.off,9,toilet
toilet/train/toilet_0285.off,9,toilet
toilet/train/toilet_0286.off,9,toilet
toilet/train/toilet_0287.off,9,toilet
toilet/train/toilet_0288.off,9,toilet
toilet/train/toilet_0289.off,9,toilet
toilet/train/toilet_0290.off,9,toilet
toilet/train/toilet_0291.off,9,toilet
toilet/train/toilet_0292.off,9,toilet
toilet/train/toilet_0293.off,9,toilet
toilet/train/toilet_0294.off,9,toilet
toilet/train/toilet_0295.off,9,toilet
toilet/train/toilet_0296.off,9,toilet
toilet/train/toilet_0297.off,9,toilet
toilet/train/toilet_0298.off,9,toilet
toilet/train/toilet_0299.off,9,toilet
toilet/train/toilet_0300.off,9,toilet
toilet/train/toilet_0301.off,9,toilet
toilet/train/toilet_0302.off,9,toilet
toilet/train/toilet_0303.off,9,toilet
toilet/train/toilet_0304.off,9,toilet
toilet/train/toilet_0305.off,9,toilet
toilet/train/toilet_0306.off,9,toilet
toilet/train/toilet_0307.off,9,toilet
toilet/train/toilet_0308.off,9,toilet
toilet/train/toilet_0309.off,9,toilet
toilet/train/toilet_0310.off,9,toilet
toilet/train/toilet_0311.off,9,toilet
toilet/train/toilet_0312.off,9,toilet
toilet/train/toilet_0313.off,9,toilet
toilet/train/toilet_0314.off,9,toilet
toilet/train/toilet_0315.off,9,toilet
toilet/train/toilet_0316.off,9,toilet
toilet/train/toilet_0317.off,9,toilet
toilet/train/toilet_0318.off,9,toilet
toilet/train/toilet_0319.off,9,toilet
toilet/train/toilet_0320.off,9,toilet
toilet/train/toilet_0321.off,9,toilet
toilet/train/toilet_0322.off,9,toilet
toilet/train/toilet_0323.off,9,toilet
toilet/train/toilet_0324.off,9,toilet
toilet/train/toilet_0325.off,9,toilet
toilet/train/toilet_0326.off,9,toilet
toilet/train/toilet_0327.off,9,toilet
toilet/train/toilet_0328.off,9,toilet
toilet/train/toilet_0329.off,9,toilet
toilet/train/toilet_0330.off,9,toilet
toilet/train/toilet_0331.off,9,toilet
toilet/train/toilet_0332.off,9,toilet
toilet/train/toilet_0333.off,9,toilet
toilet/train/toilet_0334.off,9,toilet
toilet/train/toilet_0335.off,9,toilet
toilet/train/toilet_0336.off,9,toilet
toilet/train/toilet_0337.off,9,toilet
toilet/train/toilet_0338.off,9,toilet
toilet/train/toilet_0339.off,9,toilet
toilet/train/toilet_0340.off,9,toilet
toilet/train/toilet_0341.off,9,toilet
toilet/train/toilet_0342.off,9,toilet
toilet/train/toilet_0343.off,9,toilet
toilet/train/toilet_0344.off,9,toilet
